timeCNT,planningAngle::waist_yaw_joint,planningAngle::waist_pitch_joint,planningAngle::waist_roll_joint,planningAngle::left_shoulder_pitch_joint,planningAngle::left_shoulder_roll_joint,planningAngle::left_shoulder_yaw_joint,planningAngle::left_elbow_joint,planningAngle::left_wrist_yaw_joint,planningAngle::left_wrist_pitch_joint,planningAngle::left_wrist_roll_joint,planningAngle::right_shoulder_pitch_joint,planningAngle::right_shoulder_roll_joint,planningAngle::right_shoulder_yaw_joint,planningAngle::right_elbow_joint,planningAngle::right_wrist_yaw_joint,planningAngle::right_wrist_pitch_joint,planningAngle::right_wrist_roll_joint
0.0,0.0,0.0,0.0,0.4,0.0,0.0,-1.2,-1.57,0.0,0.0,0.4,0.0,0.0,-1.2,1.57,0.0,0.0
10.0,0.0,0.0,0.0,0.3901,0.00175,-0.004,-1.204,-1.57495,0.0,0.0,0.4,0.0,0.0,-1.2,1.57,0.0,0.0
20.0,0.0,0.0,0.0,0.38020000000000004,0.0035,-0.008,-1.208,-1.5799,0.0,0.0,0.4,0.0,0.0,-1.2,1.57,0.0,0.0
30.0,0.0,0.0,0.0,0.3703,0.00525,-0.012,-1.212,-1.58485,0.0,0.0,0.4,0.0,0.0,-1.2,1.57,0.0,0.0
40.0,0.0,0.0,0.0,0.36040000000000005,0.007,-0.016,-1.216,-1.5898,0.0,0.0,0.4,0.0,0.0,-1.2,1.57,0.0,0.0
50.0,0.0,0.0,0.0,0.35050000000000003,0.008749999999999999,-0.02,-1.22,-1.5947500000000001,0.0,0.0,0.4,0.0,0.0,-1.2,1.57,0.0,0.0
60.0,0.0,0.0,0.0,0.3406,0.0105,-0.024,-1.224,-1.5997000000000001,0.0,0.0,0.4,0.0,0.0,-1.2,1.57,0.0,0.0
70.0,0.0,0.0,0.0,0.3307,0.01225,-0.028,-1.228,-1.6046500000000001,0.0,0.0,0.4,0.0,0.0,-1.2,1.57,0.0,0.0
80.0,0.0,0.0,0.0,0.32080000000000003,0.014,-0.032,-1.232,-1.6096000000000001,0.0,0.0,0.4,0.0,0.0,-1.2,1.57,0.0,0.0
90.0,0.0,0.0,0.0,0.3109,0.01575,-0.036000000000000004,-1.236,-1.6145500000000002,0.0,0.0,0.4,0.0,0.0,-1.2,1.57,0.0,0.0
100.0,0.0,0.0,0.0,0.30100000000000005,0.017499999999999998,-0.04,-1.24,-1.6195000000000002,0.0,0.0,0.4,0.0,0.0,-1.2,1.57,0.0,0.0
110.0,0.0,0.0,0.0,0.2911,0.01925,-0.044000000000000004,-1.244,-1.62445,0.0,0.0,0.4,0.0,0.0,-1.2,1.57,0.0,0.0
120.0,0.0,0.0,0.0,0.2812,0.021,-0.048,-1.248,-1.6294,0.0,0.0,0.4,0.0,0.0,-1.2,1.57,0.0,0.0
130.0,0.0,0.0,0.0,0.2713,0.02275,-0.052000000000000005,-1.252,-1.63435,0.0,0.0,0.4,0.0,0.0,-1.2,1.57,0.0,0.0
140.0,0.0,0.0,0.0,0.2614,0.0245,-0.056,-1.256,-1.6393,0.0,0.0,0.4,0.0,0.0,-1.2,1.57,0.0,0.0
150.0,0.0,0.0,0.0,0.25150000000000006,0.02625,-0.060000000000000005,-1.26,-1.64425,0.0,0.0,0.4,0.0,0.0,-1.2,1.57,0.0,0.0
160.0,0.0,0.0,0.0,0.24160000000000004,0.028,-0.064,-1.264,-1.6492,0.0,0.0,0.4,0.0,0.0,-1.2,1.57,0.0,0.0
170.0,0.0,0.0,0.0,0.23170000000000002,0.02975,-0.068,-1.268,-1.65415,0.0,0.0,0.4,0.0,0.0,-1.2,1.57,0.0,0.0
180.0,0.0,0.0,0.0,0.22180000000000002,0.0315,-0.07200000000000001,-1.272,-1.6591,0.0,0.0,0.4,0.0,0.0,-1.2,1.57,0.0,0.0
190.0,0.0,0.0,0.0,0.21190000000000003,0.03325,-0.076,-1.276,-1.66405,0.0,0.0,0.4,0.0,0.0,-1.2,1.57,0.0,0.0
200.0,0.0,0.0,0.0,0.202,0.034999999999999996,-0.08,-1.28,-1.669,0.0,0.0,0.4,0.0,0.0,-1.2,1.57,0.0,0.0
210.0,0.0,0.0,0.0,0.19210000000000002,0.03675,-0.084,-1.284,-1.67395,0.0,0.0,0.4,0.0,0.0,-1.2,1.57,0.0,0.0
220.0,0.0,0.0,0.0,0.18220000000000003,0.0385,-0.08800000000000001,-1.288,-1.6789,0.0,0.0,0.4,0.0,0.0,-1.2,1.57,0.0,0.0
230.0,0.0,0.0,0.0,0.17230000000000004,0.04025,-0.092,-1.292,-1.68385,0.0,0.0,0.4,0.0,0.0,-1.2,1.57,0.0,0.0
240.0,0.0,0.0,0.0,0.16240000000000002,0.042,-0.096,-1.296,-1.6888,0.0,0.0,0.4,0.0,0.0,-1.2,1.57,0.0,0.0
250.0,0.0,0.0,0.0,0.15250000000000002,0.04375,-0.1,-1.3,-1.69375,0.0,0.0,0.4,0.0,0.0,-1.2,1.57,0.0,0.0
260.0,0.0,0.0,0.0,0.1426,0.0455,-0.10400000000000001,-1.304,-1.6987,0.0,0.0,0.4,0.0,0.0,-1.2,1.57,0.0,0.0
270.0,0.0,0.0,0.0,0.13270000000000004,0.04725,-0.108,-1.308,-1.70365,0.0,0.0,0.4,0.0,0.0,-1.2,1.57,0.0,0.0
280.0,0.0,0.0,0.0,0.12280000000000002,0.049,-0.112,-1.312,-1.7086000000000001,0.0,0.0,0.4,0.0,0.0,-1.2,1.57,0.0,0.0
290.0,0.0,0.0,0.0,0.1129,0.050749999999999997,-0.116,-1.316,-1.7135500000000001,0.0,0.0,0.4,0.0,0.0,-1.2,1.57,0.0,0.0
300.0,0.0,0.0,0.0,0.10300000000000004,0.0525,-0.12000000000000001,-1.32,-1.7185000000000001,0.0,0.0,0.4,0.0,0.0,-1.2,1.57,0.0,0.0
310.0,0.0,0.0,0.0,0.09310000000000002,0.05425,-0.124,-1.3239999999999998,-1.7234500000000001,0.0,0.0,0.4,0.0,0.0,-1.2,1.57,0.0,0.0
320.0,0.0,0.0,0.0,0.08320000000000005,0.056,-0.128,-1.3279999999999998,-1.7284000000000002,0.0,0.0,0.4,0.0,0.0,-1.2,1.57,0.0,0.0
330.0,0.0,0.0,0.0,0.07330000000000003,0.05775,-0.132,-1.3319999999999999,-1.7333500000000002,0.0,0.0,0.4,0.0,0.0,-1.2,1.57,0.0,0.0
340.0,0.0,0.0,0.0,0.06340000000000001,0.0595,-0.136,-1.3359999999999999,-1.7383000000000002,0.0,0.0,0.4,0.0,0.0,-1.2,1.57,0.0,0.0
350.0,0.0,0.0,0.0,0.05350000000000005,0.06125,-0.14,-1.3399999999999999,-1.74325,0.0,0.0,0.4,0.0,0.0,-1.2,1.57,0.0,0.0
360.0,0.0,0.0,0.0,0.04360000000000003,0.063,-0.14400000000000002,-1.3439999999999999,-1.7482,0.0,0.0,0.4,0.0,0.0,-1.2,1.57,0.0,0.0
370.0,0.0,0.0,0.0,0.03370000000000001,0.06475,-0.14800000000000002,-1.3479999999999999,-1.75315,0.0,0.0,0.4,0.0,0.0,-1.2,1.57,0.0,0.0
380.0,0.0,0.0,0.0,0.023800000000000043,0.0665,-0.152,-1.3519999999999999,-1.7581,0.0,0.0,0.4,0.0,0.0,-1.2,1.57,0.0,0.0
390.0,0.0,0.0,0.0,0.013900000000000023,0.06825,-0.156,-1.3559999999999999,-1.76305,0.0,0.0,0.4,0.0,0.0,-1.2,1.57,0.0,0.0
400.0,0.0,0.0,0.0,0.0040000000000000036,0.06999999999999999,-0.16,-1.3599999999999999,-1.768,0.0,0.0,0.4,0.0,0.0,-1.2,1.57,0.0,0.0
410.0,0.0,0.0,0.0,-0.005899999999999961,0.07175,-0.164,-1.3639999999999999,-1.77295,0.0,0.0,0.4,0.0,0.0,-1.2,1.57,0.0,0.0
420.0,0.0,0.0,0.0,-0.01579999999999998,0.0735,-0.168,-1.3679999999999999,-1.7779,0.0,0.0,0.4,0.0,0.0,-1.2,1.57,0.0,0.0
430.0,0.0,0.0,0.0,-0.0257,0.07525,-0.17200000000000001,-1.3719999999999999,-1.78285,0.0,0.0,0.4,0.0,0.0,-1.2,1.57,0.0,0.0
440.0,0.0,0.0,0.0,-0.035599999999999965,0.077,-0.17600000000000002,-1.376,-1.7878,0.0,0.0,0.4,0.0,0.0,-1.2,1.57,0.0,0.0
450.0,0.0,0.0,0.0,-0.045499999999999985,0.07875,-0.18000000000000002,-1.38,-1.79275,0.0,0.0,0.4,0.0,0.0,-1.2,1.57,0.0,0.0
460.0,0.0,0.0,0.0,-0.05539999999999995,0.0805,-0.184,-1.384,-1.7977,0.0,0.0,0.4,0.0,0.0,-1.2,1.57,0.0,0.0
470.0,0.0,0.0,0.0,-0.06529999999999997,0.08225,-0.188,-1.388,-1.80265,0.0,0.0,0.4,0.0,0.0,-1.2,1.57,0.0,0.0
480.0,0.0,0.0,0.0,-0.07519999999999999,0.084,-0.192,-1.392,-1.8076,0.0,0.0,0.4,0.0,0.0,-1.2,1.57,0.0,0.0
490.0,0.0,0.0,0.0,-0.08509999999999995,0.08574999999999999,-0.196,-1.396,-1.81255,0.0,0.0,0.4,0.0,0.0,-1.2,1.57,0.0,0.0
500.0,0.0,0.0,0.0,-0.09499999999999997,0.0875,-0.2,-1.4,-1.8175000000000001,0.0,0.0,0.4,0.0,0.0,-1.2,1.57,0.0,0.0
510.0,0.0,0.0,0.0,-0.1049,0.08925,-0.20400000000000001,-1.404,-1.8224500000000001,0.0,0.0,0.4,0.0,0.0,-1.2,1.57,0.0,0.0
520.0,0.0,0.0,0.0,-0.11480000000000001,0.091,-0.20800000000000002,-1.408,-1.8274000000000001,0.0,0.0,0.4,0.0,0.0,-1.2,1.57,0.0,0.0
530.0,0.0,0.0,0.0,-0.12469999999999992,0.09275,-0.21200000000000002,-1.412,-1.83235,0.0,0.0,0.4,0.0,0.0,-1.2,1.57,0.0,0.0
540.0,0.0,0.0,0.0,-0.13459999999999994,0.0945,-0.216,-1.416,-1.8373,0.0,0.0,0.4,0.0,0.0,-1.2,1.57,0.0,0.0
550.0,0.0,0.0,0.0,-0.14449999999999996,0.09625,-0.22,-1.42,-1.84225,0.0,0.0,0.4,0.0,0.0,-1.2,1.57,0.0,0.0
560.0,0.0,0.0,0.0,-0.15439999999999998,0.098,-0.224,-1.424,-1.8472,0.0,0.0,0.4,0.0,0.0,-1.2,1.57,0.0,0.0
570.0,0.0,0.0,0.0,-0.1643,0.09975,-0.228,-1.428,-1.85215,0.0,0.0,0.4,0.0,0.0,-1.2,1.57,0.0,0.0
580.0,0.0,0.0,0.0,-0.17420000000000002,0.10149999999999999,-0.232,-1.432,-1.8571,0.0,0.0,0.4,0.0,0.0,-1.2,1.57,0.0,0.0
590.0,0.0,0.0,0.0,-0.18409999999999993,0.10325,-0.23600000000000002,-1.436,-1.86205,0.0,0.0,0.4,0.0,0.0,-1.2,1.57,0.0,0.0
600.0,0.0,0.0,0.0,-0.19399999999999995,0.105,-0.24000000000000002,-1.44,-1.867,0.0,0.0,0.4,0.0,0.0,-1.2,1.57,0.0,0.0
610.0,0.0,0.0,0.0,-0.20389999999999997,0.10675,-0.24400000000000002,-1.444,-1.87195,0.0,0.0,0.4,0.0,0.0,-1.2,1.57,0.0,0.0
620.0,0.0,0.0,0.0,-0.2138,0.1085,-0.248,-1.448,-1.8769,0.0,0.0,0.4,0.0,0.0,-1.2,1.57,0.0,0.0
630.0,0.0,0.0,0.0,-0.2237,0.11025,-0.252,-1.452,-1.88185,0.0,0.0,0.4,0.0,0.0,-1.2,1.57,0.0,0.0
640.0,0.0,0.0,0.0,-0.23359999999999992,0.112,-0.256,-1.456,-1.8868,0.0,0.0,0.4,0.0,0.0,-1.2,1.57,0.0,0.0
650.0,0.0,0.0,0.0,-0.24349999999999994,0.11375,-0.26,-1.46,-1.89175,0.0,0.0,0.4,0.0,0.0,-1.2,1.57,0.0,0.0
660.0,0.0,0.0,0.0,-0.25339999999999996,0.1155,-0.264,-1.464,-1.8967,0.0,0.0,0.4,0.0,0.0,-1.2,1.57,0.0,0.0
670.0,0.0,0.0,0.0,-0.2633,0.11725,-0.268,-1.468,-1.90165,0.0,0.0,0.4,0.0,0.0,-1.2,1.57,0.0,0.0
680.0,0.0,0.0,0.0,-0.2732,0.119,-0.272,-1.472,-1.9066,0.0,0.0,0.4,0.0,0.0,-1.2,1.57,0.0,0.0
690.0,0.0,0.0,0.0,-0.2831,0.12075,-0.276,-1.476,-1.91155,0.0,0.0,0.4,0.0,0.0,-1.2,1.57,0.0,0.0
700.0,0.0,0.0,0.0,-0.2929999999999999,0.1225,-0.28,-1.48,-1.9165,0.0,0.0,0.4,0.0,0.0,-1.2,1.57,0.0,0.0
710.0,0.0,0.0,0.0,-0.30289999999999995,0.12425,-0.28400000000000003,-1.484,-1.92145,0.0,0.0,0.4,0.0,0.0,-1.2,1.57,0.0,0.0
720.0,0.0,0.0,0.0,-0.31279999999999997,0.126,-0.28800000000000003,-1.488,-1.9264000000000001,0.0,0.0,0.4,0.0,0.0,-1.2,1.57,0.0,0.0
730.0,0.0,0.0,0.0,-0.3227,0.12775,-0.29200000000000004,-1.492,-1.9313500000000001,0.0,0.0,0.4,0.0,0.0,-1.2,1.57,0.0,0.0
740.0,0.0,0.0,0.0,-0.3326,0.1295,-0.29600000000000004,-1.496,-1.9363000000000001,0.0,0.0,0.4,0.0,0.0,-1.2,1.57,0.0,0.0
750.0,0.0,0.0,0.0,-0.3425,0.13125,-0.3,-1.5,-1.9412500000000001,0.0,0.0,0.4,0.0,0.0,-1.2,1.57,0.0,0.0
760.0,0.0,0.0,0.0,-0.35239999999999994,0.133,-0.304,-1.504,-1.9462000000000002,0.0,0.0,0.4,0.0,0.0,-1.2,1.57,0.0,0.0
770.0,0.0,0.0,0.0,-0.36229999999999996,0.13475,-0.308,-1.508,-1.9511500000000002,0.0,0.0,0.4,0.0,0.0,-1.2,1.57,0.0,0.0
780.0,0.0,0.0,0.0,-0.3722,0.1365,-0.312,-1.512,-1.9561000000000002,0.0,0.0,0.4,0.0,0.0,-1.2,1.57,0.0,0.0
790.0,0.0,0.0,0.0,-0.3821,0.13825,-0.316,-1.516,-1.9610500000000002,0.0,0.0,0.4,0.0,0.0,-1.2,1.57,0.0,0.0
800.0,0.0,0.0,0.0,-0.392,0.13999999999999999,-0.32,-1.52,-1.9660000000000002,0.0,0.0,0.4,0.0,0.0,-1.2,1.57,0.0,0.0
810.0,0.0,0.0,0.0,-0.4018999999999999,0.14175,-0.324,-1.524,-1.97095,0.0,0.0,0.4,0.0,0.0,-1.2,1.57,0.0,0.0
820.0,0.0,0.0,0.0,-0.41179999999999994,0.1435,-0.328,-1.528,-1.9759,0.0,0.0,0.4,0.0,0.0,-1.2,1.57,0.0,0.0
830.0,0.0,0.0,0.0,-0.42169999999999996,0.14525,-0.332,-1.532,-1.98085,0.0,0.0,0.4,0.0,0.0,-1.2,1.57,0.0,0.0
840.0,0.0,0.0,0.0,-0.4316,0.147,-0.336,-1.536,-1.9858,0.0,0.0,0.4,0.0,0.0,-1.2,1.57,0.0,0.0
850.0,0.0,0.0,0.0,-0.4415,0.14875,-0.34,-1.54,-1.99075,0.0,0.0,0.4,0.0,0.0,-1.2,1.57,0.0,0.0
860.0,0.0,0.0,0.0,-0.4514,0.1505,-0.34400000000000003,-1.544,-1.9957,0.0,0.0,0.4,0.0,0.0,-1.2,1.57,0.0,0.0
870.0,0.0,0.0,0.0,-0.46129999999999993,0.15225,-0.34800000000000003,-1.548,-2.0006500000000003,0.0,0.0,0.4,0.0,0.0,-1.2,1.57,0.0,0.0
880.0,0.0,0.0,0.0,-0.47119999999999995,0.154,-0.35200000000000004,-1.552,-2.0056000000000003,0.0,0.0,0.4,0.0,0.0,-1.2,1.57,0.0,0.0
890.0,0.0,0.0,0.0,-0.48109999999999997,0.15575,-0.35600000000000004,-1.556,-2.0105500000000003,0.0,0.0,0.4,0.0,0.0,-1.2,1.57,0.0,0.0
900.0,0.0,0.0,0.0,-0.491,0.1575,-0.36000000000000004,-1.56,-2.0155000000000003,0.0,0.0,0.4,0.0,0.0,-1.2,1.57,0.0,0.0
910.0,0.0,0.0,0.0,-0.5009,0.15925,-0.364,-1.564,-2.0204500000000003,0.0,0.0,0.4,0.0,0.0,-1.2,1.57,0.0,0.0
920.0,0.0,0.0,0.0,-0.5107999999999999,0.161,-0.368,-1.568,-2.0254,0.0,0.0,0.4,0.0,0.0,-1.2,1.57,0.0,0.0
930.0,0.0,0.0,0.0,-0.5206999999999999,0.16275,-0.372,-1.572,-2.03035,0.0,0.0,0.4,0.0,0.0,-1.2,1.57,0.0,0.0
940.0,0.0,0.0,0.0,-0.5306,0.1645,-0.376,-1.576,-2.0353,0.0,0.0,0.4,0.0,0.0,-1.2,1.57,0.0,0.0
950.0,0.0,0.0,0.0,-0.5405,0.16625,-0.38,-1.58,-2.04025,0.0,0.0,0.4,0.0,0.0,-1.2,1.57,0.0,0.0
960.0,0.0,0.0,0.0,-0.5504,0.168,-0.384,-1.584,-2.0452,0.0,0.0,0.4,0.0,0.0,-1.2,1.57,0.0,0.0
970.0,0.0,0.0,0.0,-0.5603,0.16975,-0.388,-1.588,-2.05015,0.0,0.0,0.4,0.0,0.0,-1.2,1.57,0.0,0.0
980.0,0.0,0.0,0.0,-0.5701999999999999,0.17149999999999999,-0.392,-1.592,-2.0551,0.0,0.0,0.4,0.0,0.0,-1.2,1.57,0.0,0.0
990.0,0.0,0.0,0.0,-0.5801,0.17325,-0.396,-1.596,-2.06005,0.0,0.0,0.4,0.0,0.0,-1.2,1.57,0.0,0.0
1000.0,0.0,0.0,0.0,-0.59,0.175,-0.4,-1.6,-2.065,0.0,0.0,0.4,0.0,0.0,-1.2,1.57,0.0,0.0
1010.0,0.0,0.0,0.0,-0.5999,0.17675,-0.404,-1.604,-2.06995,0.0,0.0,0.4,0.0,0.0,-1.2,1.57,0.0,0.0
1020.0,0.0,0.0,0.0,-0.6098,0.1785,-0.40800000000000003,-1.608,-2.0749,0.0,0.0,0.4,0.0,0.0,-1.2,1.57,0.0,0.0
1030.0,0.0,0.0,0.0,-0.6197,0.18025,-0.41200000000000003,-1.612,-2.07985,0.0,0.0,0.4,0.0,0.0,-1.2,1.57,0.0,0.0
1040.0,0.0,0.0,0.0,-0.6296,0.182,-0.41600000000000004,-1.616,-2.0848,0.0,0.0,0.4,0.0,0.0,-1.2,1.57,0.0,0.0
1050.0,0.0,0.0,0.0,-0.6395000000000001,0.18375,-0.42000000000000004,-1.62,-2.08975,0.0,0.0,0.4,0.0,0.0,-1.2,1.57,0.0,0.0
1060.0,0.0,0.0,0.0,-0.6493999999999999,0.1855,-0.42400000000000004,-1.624,-2.0947,0.0,0.0,0.4,0.0,0.0,-1.2,1.57,0.0,0.0
1070.0,0.0,0.0,0.0,-0.6592999999999999,0.18725,-0.42800000000000005,-1.6280000000000001,-2.09965,0.0,0.0,0.4,0.0,0.0,-1.2,1.57,0.0,0.0
1080.0,0.0,0.0,0.0,-0.6691999999999999,0.189,-0.432,-1.632,-2.1046,0.0,0.0,0.4,0.0,0.0,-1.2,1.57,0.0,0.0
1090.0,0.0,0.0,0.0,-0.6790999999999999,0.19075,-0.436,-1.636,-2.10955,0.0,0.0,0.4,0.0,0.0,-1.2,1.57,0.0,0.0
1100.0,0.0,0.0,0.0,-0.689,0.1925,-0.44,-1.64,-2.1145,0.0,0.0,0.4,0.0,0.0,-1.2,1.57,0.0,0.0
1110.0,0.0,0.0,0.0,-0.6989,0.19425,-0.444,-1.644,-2.11945,0.0,0.0,0.4,0.0,0.0,-1.2,1.57,0.0,0.0
1120.0,0.0,0.0,0.0,-0.7088,0.196,-0.448,-1.648,-2.1244,0.0,0.0,0.4,0.0,0.0,-1.2,1.57,0.0,0.0
1130.0,0.0,0.0,0.0,-0.7187,0.19775,-0.452,-1.652,-2.12935,0.0,0.0,0.4,0.0,0.0,-1.2,1.57,0.0,0.0
1140.0,0.0,0.0,0.0,-0.7286,0.1995,-0.456,-1.656,-2.1343,0.0,0.0,0.4,0.0,0.0,-1.2,1.57,0.0,0.0
1150.0,0.0,0.0,0.0,-0.7385,0.20124999999999998,-0.46,-1.66,-2.13925,0.0,0.0,0.4,0.0,0.0,-1.2,1.57,0.0,0.0
1160.0,0.0,0.0,0.0,-0.7484000000000001,0.20299999999999999,-0.464,-1.664,-2.1442,0.0,0.0,0.4,0.0,0.0,-1.2,1.57,0.0,0.0
1170.0,0.0,0.0,0.0,-0.7582999999999999,0.20475,-0.468,-1.668,-2.14915,0.0,0.0,0.4,0.0,0.0,-1.2,1.57,0.0,0.0
1180.0,0.0,0.0,0.0,-0.7681999999999999,0.2065,-0.47200000000000003,-1.672,-2.1541,0.0,0.0,0.4,0.0,0.0,-1.2,1.57,0.0,0.0
1190.0,0.0,0.0,0.0,-0.7780999999999999,0.20825,-0.47600000000000003,-1.676,-2.15905,0.0,0.0,0.4,0.0,0.0,-1.2,1.57,0.0,0.0
1200.0,0.0,0.0,0.0,-0.7879999999999999,0.21,-0.48000000000000004,-1.68,-2.164,0.0,0.0,0.4,0.0,0.0,-1.2,1.57,0.0,0.0
1210.0,0.0,0.0,0.0,-0.7978999999999999,0.21175,-0.48400000000000004,-1.684,-2.16895,0.0,0.0,0.4,0.0,0.0,-1.2,1.57,0.0,0.0
1220.0,0.0,0.0,0.0,-0.8078,0.2135,-0.48800000000000004,-1.688,-2.1739,0.0,0.0,0.4,0.0,0.0,-1.2,1.57,0.0,0.0
1230.0,0.0,0.0,0.0,-0.8177,0.21525,-0.49200000000000005,-1.692,-2.17885,0.0,0.0,0.4,0.0,0.0,-1.2,1.57,0.0,0.0
1240.0,0.0,0.0,0.0,-0.8276,0.217,-0.496,-1.696,-2.1838,0.0,0.0,0.4,0.0,0.0,-1.2,1.57,0.0,0.0
1250.0,0.0,0.0,0.0,-0.8375,0.21875,-0.5,-1.7,-2.18875,0.0,0.0,0.4,0.0,0.0,-1.2,1.57,0.0,0.0
1260.0,0.0,0.0,0.0,-0.8474,0.2205,-0.504,-1.704,-2.1937,0.0,0.0,0.4,0.0,0.0,-1.2,1.57,0.0,0.0
1270.0,0.0,0.0,0.0,-0.8573000000000001,0.22225,-0.508,-1.708,-2.19865,0.0,0.0,0.4,0.0,0.0,-1.2,1.57,0.0,0.0
1280.0,0.0,0.0,0.0,-0.8671999999999999,0.224,-0.512,-1.712,-2.2036,0.0,0.0,0.4,0.0,0.0,-1.2,1.57,0.0,0.0
1290.0,0.0,0.0,0.0,-0.8770999999999999,0.22575,-0.516,-1.716,-2.20855,0.0,0.0,0.4,0.0,0.0,-1.2,1.57,0.0,0.0
1300.0,0.0,0.0,0.0,-0.8869999999999999,0.2275,-0.52,-1.72,-2.2135,0.0,0.0,0.4,0.0,0.0,-1.2,1.57,0.0,0.0
1310.0,0.0,0.0,0.0,-0.8968999999999999,0.22925,-0.524,-1.724,-2.21845,0.0,0.0,0.4,0.0,0.0,-1.2,1.57,0.0,0.0
1320.0,0.0,0.0,0.0,-0.9067999999999999,0.231,-0.528,-1.728,-2.2234,0.0,0.0,0.4,0.0,0.0,-1.2,1.57,0.0,0.0
1330.0,0.0,0.0,0.0,-0.9167,0.23274999999999998,-0.532,-1.732,-2.22835,0.0,0.0,0.4,0.0,0.0,-1.2,1.57,0.0,0.0
1340.0,0.0,0.0,0.0,-0.9266,0.2345,-0.536,-1.736,-2.2333,0.0,0.0,0.4,0.0,0.0,-1.2,1.57,0.0,0.0
1350.0,0.0,0.0,0.0,-0.9365,0.23625,-0.54,-1.74,-2.23825,0.0,0.0,0.4,0.0,0.0,-1.2,1.57,0.0,0.0
1360.0,0.0,0.0,0.0,-0.9464,0.238,-0.544,-1.744,-2.2432,0.0,0.0,0.4,0.0,0.0,-1.2,1.57,0.0,0.0
1370.0,0.0,0.0,0.0,-0.9563,0.23975,-0.548,-1.748,-2.24815,0.0,0.0,0.4,0.0,0.0,-1.2,1.57,0.0,0.0
1380.0,0.0,0.0,0.0,-0.9662000000000001,0.2415,-0.552,-1.752,-2.2531,0.0,0.0,0.4,0.0,0.0,-1.2,1.57,0.0,0.0
1390.0,0.0,0.0,0.0,-0.9761000000000001,0.24325,-0.556,-1.756,-2.25805,0.0,0.0,0.4,0.0,0.0,-1.2,1.57,0.0,0.0
1400.0,0.0,0.0,0.0,-0.9859999999999999,0.245,-0.56,-1.76,-2.263,0.0,0.0,0.4,0.0,0.0,-1.2,1.57,0.0,0.0
1410.0,0.0,0.0,0.0,-0.9958999999999999,0.24675,-0.5640000000000001,-1.764,-2.26795,0.0,0.0,0.4,0.0,0.0,-1.2,1.57,0.0,0.0
1420.0,0.0,0.0,0.0,-1.0057999999999998,0.2485,-0.5680000000000001,-1.768,-2.2729,0.0,0.0,0.4,0.0,0.0,-1.2,1.57,0.0,0.0
1430.0,0.0,0.0,0.0,-1.0156999999999998,0.25025,-0.5720000000000001,-1.772,-2.27785,0.0,0.0,0.4,0.0,0.0,-1.2,1.57,0.0,0.0
1440.0,0.0,0.0,0.0,-1.0255999999999998,0.252,-0.5760000000000001,-1.776,-2.2828,0.0,0.0,0.4,0.0,0.0,-1.2,1.57,0.0,0.0
1450.0,0.0,0.0,0.0,-1.0354999999999999,0.25375,-0.5800000000000001,-1.78,-2.28775,0.0,0.0,0.4,0.0,0.0,-1.2,1.57,0.0,0.0
1460.0,0.0,0.0,0.0,-1.0453999999999999,0.2555,-0.5840000000000001,-1.784,-2.2927,0.0,0.0,0.4,0.0,0.0,-1.2,1.57,0.0,0.0
1470.0,0.0,0.0,0.0,-1.0553,0.25725,-0.5880000000000001,-1.788,-2.29765,0.0,0.0,0.4,0.0,0.0,-1.2,1.57,0.0,0.0
1480.0,0.0,0.0,0.0,-1.0652,0.259,-0.5920000000000001,-1.792,-2.3026,0.0,0.0,0.4,0.0,0.0,-1.2,1.57,0.0,0.0
1490.0,0.0,0.0,0.0,-1.0751,0.26075,-0.596,-1.7959999999999998,-2.30755,0.0,0.0,0.4,0.0,0.0,-1.2,1.57,0.0,0.0
1500.0,0.0,0.0,0.0,-1.085,0.2625,-0.6,-1.7999999999999998,-2.3125,0.0,0.0,0.4,0.0,0.0,-1.2,1.57,0.0,0.0
1510.0,0.0,0.0,0.0,-1.0949,0.26425,-0.604,-1.8039999999999998,-2.31745,0.0,0.0,0.4,0.0,0.0,-1.2,1.57,0.0,0.0
1520.0,0.0,0.0,0.0,-1.1048,0.266,-0.608,-1.8079999999999998,-2.3224,0.0,0.0,0.4,0.0,0.0,-1.2,1.57,0.0,0.0
1530.0,0.0,0.0,0.0,-1.1147,0.26775,-0.612,-1.8119999999999998,-2.32735,0.0,0.0,0.4,0.0,0.0,-1.2,1.57,0.0,0.0
1540.0,0.0,0.0,0.0,-1.1246,0.2695,-0.616,-1.8159999999999998,-2.3323,0.0,0.0,0.4,0.0,0.0,-1.2,1.57,0.0,0.0
1550.0,0.0,0.0,0.0,-1.1345,0.27125,-0.62,-1.8199999999999998,-2.33725,0.0,0.0,0.4,0.0,0.0,-1.2,1.57,0.0,0.0
1560.0,0.0,0.0,0.0,-1.1444,0.273,-0.624,-1.8239999999999998,-2.3422,0.0,0.0,0.4,0.0,0.0,-1.2,1.57,0.0,0.0
1570.0,0.0,0.0,0.0,-1.1543,0.27475,-0.628,-1.8279999999999998,-2.34715,0.0,0.0,0.4,0.0,0.0,-1.2,1.57,0.0,0.0
1580.0,0.0,0.0,0.0,-1.1642000000000001,0.2765,-0.632,-1.8319999999999999,-2.3521,0.0,0.0,0.4,0.0,0.0,-1.2,1.57,0.0,0.0
1590.0,0.0,0.0,0.0,-1.1741000000000001,0.27825,-0.636,-1.8359999999999999,-2.35705,0.0,0.0,0.4,0.0,0.0,-1.2,1.57,0.0,0.0
1600.0,0.0,0.0,0.0,-1.1840000000000002,0.27999999999999997,-0.64,-1.8399999999999999,-2.362,0.0,0.0,0.4,0.0,0.0,-1.2,1.57,0.0,0.0
1610.0,0.0,0.0,0.0,-1.1939000000000002,0.28175,-0.644,-1.8439999999999999,-2.36695,0.0,0.0,0.4,0.0,0.0,-1.2,1.57,0.0,0.0
1620.0,0.0,0.0,0.0,-1.2037999999999998,0.2835,-0.648,-1.8479999999999999,-2.3719,0.0,0.0,0.4,0.0,0.0,-1.2,1.57,0.0,0.0
1630.0,0.0,0.0,0.0,-1.2136999999999998,0.28525,-0.652,-1.8519999999999999,-2.37685,0.0,0.0,0.4,0.0,0.0,-1.2,1.57,0.0,0.0
1640.0,0.0,0.0,0.0,-1.2235999999999998,0.287,-0.656,-1.8559999999999999,-2.3818,0.0,0.0,0.4,0.0,0.0,-1.2,1.57,0.0,0.0
1650.0,0.0,0.0,0.0,-1.2334999999999998,0.28875,-0.66,-1.8599999999999999,-2.38675,0.0,0.0,0.4,0.0,0.0,-1.2,1.57,0.0,0.0
1660.0,0.0,0.0,0.0,-1.2433999999999998,0.2905,-0.664,-1.8639999999999999,-2.3917,0.0,0.0,0.4,0.0,0.0,-1.2,1.57,0.0,0.0
1670.0,0.0,0.0,0.0,-1.2532999999999999,0.29225,-0.668,-1.8679999999999999,-2.39665,0.0,0.0,0.4,0.0,0.0,-1.2,1.57,0.0,0.0
1680.0,0.0,0.0,0.0,-1.2631999999999999,0.294,-0.672,-1.8719999999999999,-2.4016,0.0,0.0,0.4,0.0,0.0,-1.2,1.57,0.0,0.0
1690.0,0.0,0.0,0.0,-1.2731,0.29575,-0.676,-1.876,-2.40655,0.0,0.0,0.4,0.0,0.0,-1.2,1.57,0.0,0.0
1700.0,0.0,0.0,0.0,-1.283,0.2975,-0.68,-1.88,-2.4115,0.0,0.0,0.4,0.0,0.0,-1.2,1.57,0.0,0.0
1710.0,0.0,0.0,0.0,-1.2929,0.29925,-0.684,-1.884,-2.41645,0.0,0.0,0.4,0.0,0.0,-1.2,1.57,0.0,0.0
1720.0,0.0,0.0,0.0,-1.3028,0.301,-0.6880000000000001,-1.888,-2.4214,0.0,0.0,0.4,0.0,0.0,-1.2,1.57,0.0,0.0
1730.0,0.0,0.0,0.0,-1.3127,0.30275,-0.6920000000000001,-1.892,-2.4263500000000002,0.0,0.0,0.4,0.0,0.0,-1.2,1.57,0.0,0.0
1740.0,0.0,0.0,0.0,-1.3226,0.3045,-0.6960000000000001,-1.896,-2.4313000000000002,0.0,0.0,0.4,0.0,0.0,-1.2,1.57,0.0,0.0
1750.0,0.0,0.0,0.0,-1.3325,0.30625,-0.7000000000000001,-1.9,-2.4362500000000002,0.0,0.0,0.4,0.0,0.0,-1.2,1.57,0.0,0.0
1760.0,0.0,0.0,0.0,-1.3424,0.308,-0.7040000000000001,-1.904,-2.4412000000000003,0.0,0.0,0.4,0.0,0.0,-1.2,1.57,0.0,0.0
1770.0,0.0,0.0,0.0,-1.3523,0.30974999999999997,-0.7080000000000001,-1.908,-2.4461500000000003,0.0,0.0,0.4,0.0,0.0,-1.2,1.57,0.0,0.0
1780.0,0.0,0.0,0.0,-1.3622,0.3115,-0.7120000000000001,-1.912,-2.4511000000000003,0.0,0.0,0.4,0.0,0.0,-1.2,1.57,0.0,0.0
1790.0,0.0,0.0,0.0,-1.3721,0.31325,-0.7160000000000001,-1.916,-2.4560500000000003,0.0,0.0,0.4,0.0,0.0,-1.2,1.57,0.0,0.0
1800.0,0.0,0.0,0.0,-1.3820000000000001,0.315,-0.7200000000000001,-1.92,-2.4610000000000003,0.0,0.0,0.4,0.0,0.0,-1.2,1.57,0.0,0.0
1810.0,0.0,0.0,0.0,-1.3919000000000001,0.31675,-0.7240000000000001,-1.924,-2.4659500000000003,0.0,0.0,0.4,0.0,0.0,-1.2,1.57,0.0,0.0
1820.0,0.0,0.0,0.0,-1.4018000000000002,0.3185,-0.728,-1.928,-2.4709000000000003,0.0,0.0,0.4,0.0,0.0,-1.2,1.57,0.0,0.0
1830.0,0.0,0.0,0.0,-1.4117000000000002,0.32025,-0.732,-1.932,-2.4758500000000003,0.0,0.0,0.4,0.0,0.0,-1.2,1.57,0.0,0.0
1840.0,0.0,0.0,0.0,-1.4215999999999998,0.322,-0.736,-1.936,-2.4808,0.0,0.0,0.4,0.0,0.0,-1.2,1.57,0.0,0.0
1850.0,0.0,0.0,0.0,-1.4314999999999998,0.32375,-0.74,-1.94,-2.48575,0.0,0.0,0.4,0.0,0.0,-1.2,1.57,0.0,0.0
1860.0,0.0,0.0,0.0,-1.4413999999999998,0.3255,-0.744,-1.944,-2.4907,0.0,0.0,0.4,0.0,0.0,-1.2,1.57,0.0,0.0
1870.0,0.0,0.0,0.0,-1.4512999999999998,0.32725,-0.748,-1.948,-2.49565,0.0,0.0,0.4,0.0,0.0,-1.2,1.57,0.0,0.0
1880.0,0.0,0.0,0.0,-1.4611999999999998,0.329,-0.752,-1.952,-2.5006,0.0,0.0,0.4,0.0,0.0,-1.2,1.57,0.0,0.0
1890.0,0.0,0.0,0.0,-1.4710999999999999,0.33075,-0.756,-1.956,-2.50555,0.0,0.0,0.4,0.0,0.0,-1.2,1.57,0.0,0.0
1900.0,0.0,0.0,0.0,-1.4809999999999999,0.3325,-0.76,-1.96,-2.5105,0.0,0.0,0.4,0.0,0.0,-1.2,1.57,0.0,0.0
1910.0,0.0,0.0,0.0,-1.4909,0.33425,-0.764,-1.964,-2.51545,0.0,0.0,0.4,0.0,0.0,-1.2,1.57,0.0,0.0
1920.0,0.0,0.0,0.0,-1.5008,0.336,-0.768,-1.968,-2.5204,0.0,0.0,0.4,0.0,0.0,-1.2,1.57,0.0,0.0
1930.0,0.0,0.0,0.0,-1.5107,0.33775,-0.772,-1.972,-2.52535,0.0,0.0,0.4,0.0,0.0,-1.2,1.57,0.0,0.0
1940.0,0.0,0.0,0.0,-1.5206,0.3395,-0.776,-1.976,-2.5303,0.0,0.0,0.4,0.0,0.0,-1.2,1.57,0.0,0.0
1950.0,0.0,0.0,0.0,-1.5305,0.34125,-0.78,-1.98,-2.53525,0.0,0.0,0.4,0.0,0.0,-1.2,1.57,0.0,0.0
1960.0,0.0,0.0,0.0,-1.5404,0.34299999999999997,-0.784,-1.984,-2.5402,0.0,0.0,0.4,0.0,0.0,-1.2,1.57,0.0,0.0
1970.0,0.0,0.0,0.0,-1.5503,0.34475,-0.788,-1.988,-2.54515,0.0,0.0,0.4,0.0,0.0,-1.2,1.57,0.0,0.0
1980.0,0.0,0.0,0.0,-1.5602,0.3465,-0.792,-1.992,-2.5501,0.0,0.0,0.4,0.0,0.0,-1.2,1.57,0.0,0.0
1990.0,0.0,0.0,0.0,-1.5701,0.34825,-0.796,-1.996,-2.55505,0.0,0.0,0.4,0.0,0.0,-1.2,1.57,0.0,0.0
2000.0,0.0,0.0,0.0,-1.58,0.35,-0.8,-2.0,-2.56,0.0,0.0,0.4,0.0,0.0,-1.2,1.57,0.0,0.0
2010.0,0.0,0.0,0.0,-1.58,0.35,-0.8,-2.0,-2.56,0.0,0.0,0.4,0.0,0.0,-1.2,1.57,0.0,0.0
2020.0,0.0,0.0,0.0,-1.58,0.35,-0.8,-2.0,-2.56,0.0,0.0,0.4,0.0,0.0,-1.2,1.57,0.0,0.0
2030.0,0.0,0.0,0.0,-1.58,0.35,-0.8,-2.0,-2.56,0.0,0.0,0.4,0.0,0.0,-1.2,1.57,0.0,0.0
2040.0,0.0,0.0,0.0,-1.58,0.35,-0.8,-2.0,-2.56,0.0,0.0,0.4,0.0,0.0,-1.2,1.57,0.0,0.0
2050.0,0.0,0.0,0.0,-1.58,0.35,-0.8,-2.0,-2.56,0.0,0.0,0.4,0.0,0.0,-1.2,1.57,0.0,0.0
2060.0,0.0,0.0,0.0,-1.58,0.35,-0.8,-2.0,-2.56,0.0,0.0,0.4,0.0,0.0,-1.2,1.57,0.0,0.0
2070.0,0.0,0.0,0.0,-1.58,0.35,-0.8,-2.0,-2.56,0.0,0.0,0.4,0.0,0.0,-1.2,1.57,0.0,0.0
2080.0,0.0,0.0,0.0,-1.58,0.35,-0.8,-2.0,-2.56,0.0,0.0,0.4,0.0,0.0,-1.2,1.57,0.0,0.0
2090.0,0.0,0.0,0.0,-1.58,0.35,-0.8,-2.0,-2.56,0.0,0.0,0.4,0.0,0.0,-1.2,1.57,0.0,0.0
2100.0,0.0,0.0,0.0,-1.58,0.35,-0.8,-2.0,-2.56,0.0,0.0,0.4,0.0,0.0,-1.2,1.57,0.0,0.0
2110.0,0.0,0.0,0.0,-1.58,0.35,-0.8,-2.0,-2.56,0.0,0.0,0.4,0.0,0.0,-1.2,1.57,0.0,0.0
2120.0,0.0,0.0,0.0,-1.58,0.35,-0.8,-2.0,-2.56,0.0,0.0,0.4,0.0,0.0,-1.2,1.57,0.0,0.0
2130.0,0.0,0.0,0.0,-1.58,0.35,-0.8,-2.0,-2.56,0.0,0.0,0.4,0.0,0.0,-1.2,1.57,0.0,0.0
2140.0,0.0,0.0,0.0,-1.58,0.35,-0.8,-2.0,-2.56,0.0,0.0,0.4,0.0,0.0,-1.2,1.57,0.0,0.0
2150.0,0.0,0.0,0.0,-1.58,0.35,-0.8,-2.0,-2.56,0.0,0.0,0.4,0.0,0.0,-1.2,1.57,0.0,0.0
2160.0,0.0,0.0,0.0,-1.58,0.35,-0.8,-2.0,-2.56,0.0,0.0,0.4,0.0,0.0,-1.2,1.57,0.0,0.0
2170.0,0.0,0.0,0.0,-1.58,0.35,-0.8,-2.0,-2.56,0.0,0.0,0.4,0.0,0.0,-1.2,1.57,0.0,0.0
2180.0,0.0,0.0,0.0,-1.58,0.35,-0.8,-2.0,-2.56,0.0,0.0,0.4,0.0,0.0,-1.2,1.57,0.0,0.0
2190.0,0.0,0.0,0.0,-1.58,0.35,-0.8,-2.0,-2.56,0.0,0.0,0.4,0.0,0.0,-1.2,1.57,0.0,0.0
2200.0,0.0,0.0,0.0,-1.58,0.35,-0.8,-2.0,-2.56,0.0,0.0,0.4,0.0,0.0,-1.2,1.57,0.0,0.0
2210.0,0.0,0.0,0.0,-1.58,0.35,-0.8,-2.0,-2.56,0.0,0.0,0.4,0.0,0.0,-1.2,1.57,0.0,0.0
2220.0,0.0,0.0,0.0,-1.58,0.35,-0.8,-2.0,-2.56,0.0,0.0,0.4,0.0,0.0,-1.2,1.57,0.0,0.0
2230.0,0.0,0.0,0.0,-1.58,0.35,-0.8,-2.0,-2.56,0.0,0.0,0.4,0.0,0.0,-1.2,1.57,0.0,0.0
2240.0,0.0,0.0,0.0,-1.58,0.35,-0.8,-2.0,-2.56,0.0,0.0,0.4,0.0,0.0,-1.2,1.57,0.0,0.0
2250.0,0.0,0.0,0.0,-1.58,0.35,-0.8,-2.0,-2.56,0.0,0.0,0.4,0.0,0.0,-1.2,1.57,0.0,0.0
2260.0,0.0,0.0,0.0,-1.58,0.35,-0.8,-2.0,-2.56,0.0,0.0,0.4,0.0,0.0,-1.2,1.57,0.0,0.0
2270.0,0.0,0.0,0.0,-1.58,0.35,-0.8,-2.0,-2.56,0.0,0.0,0.4,0.0,0.0,-1.2,1.57,0.0,0.0
2280.0,0.0,0.0,0.0,-1.58,0.35,-0.8,-2.0,-2.56,0.0,0.0,0.4,0.0,0.0,-1.2,1.57,0.0,0.0
2290.0,0.0,0.0,0.0,-1.58,0.35,-0.8,-2.0,-2.56,0.0,0.0,0.4,0.0,0.0,-1.2,1.57,0.0,0.0
2300.0,0.0,0.0,0.0,-1.58,0.35,-0.8,-2.0,-2.56,0.0,0.0,0.4,0.0,0.0,-1.2,1.57,0.0,0.0
2310.0,0.0,0.0,0.0,-1.58,0.35,-0.8,-2.0,-2.56,0.0,0.0,0.4,0.0,0.0,-1.2,1.57,0.0,0.0
2320.0,0.0,0.0,0.0,-1.58,0.35,-0.8,-2.0,-2.56,0.0,0.0,0.4,0.0,0.0,-1.2,1.57,0.0,0.0
2330.0,0.0,0.0,0.0,-1.58,0.35,-0.8,-2.0,-2.56,0.0,0.0,0.4,0.0,0.0,-1.2,1.57,0.0,0.0
2340.0,0.0,0.0,0.0,-1.58,0.35,-0.8,-2.0,-2.56,0.0,0.0,0.4,0.0,0.0,-1.2,1.57,0.0,0.0
2350.0,0.0,0.0,0.0,-1.58,0.35,-0.8,-2.0,-2.56,0.0,0.0,0.4,0.0,0.0,-1.2,1.57,0.0,0.0
2360.0,0.0,0.0,0.0,-1.58,0.35,-0.8,-2.0,-2.56,0.0,0.0,0.4,0.0,0.0,-1.2,1.57,0.0,0.0
2370.0,0.0,0.0,0.0,-1.58,0.35,-0.8,-2.0,-2.56,0.0,0.0,0.4,0.0,0.0,-1.2,1.57,0.0,0.0
2380.0,0.0,0.0,0.0,-1.58,0.35,-0.8,-2.0,-2.56,0.0,0.0,0.4,0.0,0.0,-1.2,1.57,0.0,0.0
2390.0,0.0,0.0,0.0,-1.58,0.35,-0.8,-2.0,-2.56,0.0,0.0,0.4,0.0,0.0,-1.2,1.57,0.0,0.0
2400.0,0.0,0.0,0.0,-1.58,0.35,-0.8,-2.0,-2.56,0.0,0.0,0.4,0.0,0.0,-1.2,1.57,0.0,0.0
2410.0,0.0,0.0,0.0,-1.58,0.35,-0.8,-2.0,-2.56,0.0,0.0,0.4,0.0,0.0,-1.2,1.57,0.0,0.0
2420.0,0.0,0.0,0.0,-1.58,0.35,-0.8,-2.0,-2.56,0.0,0.0,0.4,0.0,0.0,-1.2,1.57,0.0,0.0
2430.0,0.0,0.0,0.0,-1.58,0.35,-0.8,-2.0,-2.56,0.0,0.0,0.4,0.0,0.0,-1.2,1.57,0.0,0.0
2440.0,0.0,0.0,0.0,-1.58,0.35,-0.8,-2.0,-2.56,0.0,0.0,0.4,0.0,0.0,-1.2,1.57,0.0,0.0
2450.0,0.0,0.0,0.0,-1.58,0.35,-0.8,-2.0,-2.56,0.0,0.0,0.4,0.0,0.0,-1.2,1.57,0.0,0.0
2460.0,0.0,0.0,0.0,-1.58,0.35,-0.8,-2.0,-2.56,0.0,0.0,0.4,0.0,0.0,-1.2,1.57,0.0,0.0
2470.0,0.0,0.0,0.0,-1.58,0.35,-0.8,-2.0,-2.56,0.0,0.0,0.4,0.0,0.0,-1.2,1.57,0.0,0.0
2480.0,0.0,0.0,0.0,-1.58,0.35,-0.8,-2.0,-2.56,0.0,0.0,0.4,0.0,0.0,-1.2,1.57,0.0,0.0
2490.0,0.0,0.0,0.0,-1.58,0.35,-0.8,-2.0,-2.56,0.0,0.0,0.4,0.0,0.0,-1.2,1.57,0.0,0.0
2500.0,0.0,0.0,0.0,-1.58,0.35,-0.8,-2.0,-2.56,0.0,0.0,0.4,0.0,0.0,-1.2,1.57,0.0,0.0
2510.0,0.0,0.0,0.0,-1.58,0.35,-0.8,-2.0,-2.56,0.0,0.0,0.4,0.0,0.0,-1.2,1.57,0.0,0.0
2520.0,0.0,0.0,0.0,-1.58,0.35,-0.8,-2.0,-2.56,0.0,0.0,0.4,0.0,0.0,-1.2,1.57,0.0,0.0
2530.0,0.0,0.0,0.0,-1.58,0.35,-0.8,-2.0,-2.56,0.0,0.0,0.4,0.0,0.0,-1.2,1.57,0.0,0.0
2540.0,0.0,0.0,0.0,-1.58,0.35,-0.8,-2.0,-2.56,0.0,0.0,0.4,0.0,0.0,-1.2,1.57,0.0,0.0
2550.0,0.0,0.0,0.0,-1.58,0.35,-0.8,-2.0,-2.56,0.0,0.0,0.4,0.0,0.0,-1.2,1.57,0.0,0.0
2560.0,0.0,0.0,0.0,-1.58,0.35,-0.8,-2.0,-2.56,0.0,0.0,0.4,0.0,0.0,-1.2,1.57,0.0,0.0
2570.0,0.0,0.0,0.0,-1.58,0.35,-0.8,-2.0,-2.56,0.0,0.0,0.4,0.0,0.0,-1.2,1.57,0.0,0.0
2580.0,0.0,0.0,0.0,-1.58,0.35,-0.8,-2.0,-2.56,0.0,0.0,0.4,0.0,0.0,-1.2,1.57,0.0,0.0
2590.0,0.0,0.0,0.0,-1.58,0.35,-0.8,-2.0,-2.56,0.0,0.0,0.4,0.0,0.0,-1.2,1.57,0.0,0.0
2600.0,0.0,0.0,0.0,-1.58,0.35,-0.8,-2.0,-2.56,0.0,0.0,0.4,0.0,0.0,-1.2,1.57,0.0,0.0
2610.0,0.0,0.0,0.0,-1.58,0.35,-0.8,-2.0,-2.56,0.0,0.0,0.4,0.0,0.0,-1.2,1.57,0.0,0.0
2620.0,0.0,0.0,0.0,-1.58,0.35,-0.8,-2.0,-2.56,0.0,0.0,0.4,0.0,0.0,-1.2,1.57,0.0,0.0
2630.0,0.0,0.0,0.0,-1.58,0.35,-0.8,-2.0,-2.56,0.0,0.0,0.4,0.0,0.0,-1.2,1.57,0.0,0.0
2640.0,0.0,0.0,0.0,-1.58,0.35,-0.8,-2.0,-2.56,0.0,0.0,0.4,0.0,0.0,-1.2,1.57,0.0,0.0
2650.0,0.0,0.0,0.0,-1.58,0.35,-0.8,-2.0,-2.56,0.0,0.0,0.4,0.0,0.0,-1.2,1.57,0.0,0.0
2660.0,0.0,0.0,0.0,-1.58,0.35,-0.8,-2.0,-2.56,0.0,0.0,0.4,0.0,0.0,-1.2,1.57,0.0,0.0
2670.0,0.0,0.0,0.0,-1.58,0.35,-0.8,-2.0,-2.56,0.0,0.0,0.4,0.0,0.0,-1.2,1.57,0.0,0.0
2680.0,0.0,0.0,0.0,-1.58,0.35,-0.8,-2.0,-2.56,0.0,0.0,0.4,0.0,0.0,-1.2,1.57,0.0,0.0
2690.0,0.0,0.0,0.0,-1.58,0.35,-0.8,-2.0,-2.56,0.0,0.0,0.4,0.0,0.0,-1.2,1.57,0.0,0.0
2700.0,0.0,0.0,0.0,-1.58,0.35,-0.8,-2.0,-2.56,0.0,0.0,0.4,0.0,0.0,-1.2,1.57,0.0,0.0
2710.0,0.0,0.0,0.0,-1.58,0.35,-0.8,-2.0,-2.56,0.0,0.0,0.4,0.0,0.0,-1.2,1.57,0.0,0.0
2720.0,0.0,0.0,0.0,-1.58,0.35,-0.8,-2.0,-2.56,0.0,0.0,0.4,0.0,0.0,-1.2,1.57,0.0,0.0
2730.0,0.0,0.0,0.0,-1.58,0.35,-0.8,-2.0,-2.56,0.0,0.0,0.4,0.0,0.0,-1.2,1.57,0.0,0.0
2740.0,0.0,0.0,0.0,-1.58,0.35,-0.8,-2.0,-2.56,0.0,0.0,0.4,0.0,0.0,-1.2,1.57,0.0,0.0
2750.0,0.0,0.0,0.0,-1.58,0.35,-0.8,-2.0,-2.56,0.0,0.0,0.4,0.0,0.0,-1.2,1.57,0.0,0.0
2760.0,0.0,0.0,0.0,-1.58,0.35,-0.8,-2.0,-2.56,0.0,0.0,0.4,0.0,0.0,-1.2,1.57,0.0,0.0
2770.0,0.0,0.0,0.0,-1.58,0.35,-0.8,-2.0,-2.56,0.0,0.0,0.4,0.0,0.0,-1.2,1.57,0.0,0.0
2780.0,0.0,0.0,0.0,-1.58,0.35,-0.8,-2.0,-2.56,0.0,0.0,0.4,0.0,0.0,-1.2,1.57,0.0,0.0
2790.0,0.0,0.0,0.0,-1.58,0.35,-0.8,-2.0,-2.56,0.0,0.0,0.4,0.0,0.0,-1.2,1.57,0.0,0.0
2800.0,0.0,0.0,0.0,-1.58,0.35,-0.8,-2.0,-2.56,0.0,0.0,0.4,0.0,0.0,-1.2,1.57,0.0,0.0
2810.0,0.0,0.0,0.0,-1.58,0.35,-0.8,-2.0,-2.56,0.0,0.0,0.4,0.0,0.0,-1.2,1.57,0.0,0.0
2820.0,0.0,0.0,0.0,-1.58,0.35,-0.8,-2.0,-2.56,0.0,0.0,0.4,0.0,0.0,-1.2,1.57,0.0,0.0
2830.0,0.0,0.0,0.0,-1.58,0.35,-0.8,-2.0,-2.56,0.0,0.0,0.4,0.0,0.0,-1.2,1.57,0.0,0.0
2840.0,0.0,0.0,0.0,-1.58,0.35,-0.8,-2.0,-2.56,0.0,0.0,0.4,0.0,0.0,-1.2,1.57,0.0,0.0
2850.0,0.0,0.0,0.0,-1.58,0.35,-0.8,-2.0,-2.56,0.0,0.0,0.4,0.0,0.0,-1.2,1.57,0.0,0.0
2860.0,0.0,0.0,0.0,-1.58,0.35,-0.8,-2.0,-2.56,0.0,0.0,0.4,0.0,0.0,-1.2,1.57,0.0,0.0
2870.0,0.0,0.0,0.0,-1.58,0.35,-0.8,-2.0,-2.56,0.0,0.0,0.4,0.0,0.0,-1.2,1.57,0.0,0.0
2880.0,0.0,0.0,0.0,-1.58,0.35,-0.8,-2.0,-2.56,0.0,0.0,0.4,0.0,0.0,-1.2,1.57,0.0,0.0
2890.0,0.0,0.0,0.0,-1.58,0.35,-0.8,-2.0,-2.56,0.0,0.0,0.4,0.0,0.0,-1.2,1.57,0.0,0.0
2900.0,0.0,0.0,0.0,-1.58,0.35,-0.8,-2.0,-2.56,0.0,0.0,0.4,0.0,0.0,-1.2,1.57,0.0,0.0
2910.0,0.0,0.0,0.0,-1.58,0.35,-0.8,-2.0,-2.56,0.0,0.0,0.4,0.0,0.0,-1.2,1.57,0.0,0.0
2920.0,0.0,0.0,0.0,-1.58,0.35,-0.8,-2.0,-2.56,0.0,0.0,0.4,0.0,0.0,-1.2,1.57,0.0,0.0
2930.0,0.0,0.0,0.0,-1.58,0.35,-0.8,-2.0,-2.56,0.0,0.0,0.4,0.0,0.0,-1.2,1.57,0.0,0.0
2940.0,0.0,0.0,0.0,-1.58,0.35,-0.8,-2.0,-2.56,0.0,0.0,0.4,0.0,0.0,-1.2,1.57,0.0,0.0
2950.0,0.0,0.0,0.0,-1.58,0.35,-0.8,-2.0,-2.56,0.0,0.0,0.4,0.0,0.0,-1.2,1.57,0.0,0.0
2960.0,0.0,0.0,0.0,-1.58,0.35,-0.8,-2.0,-2.56,0.0,0.0,0.4,0.0,0.0,-1.2,1.57,0.0,0.0
2970.0,0.0,0.0,0.0,-1.58,0.35,-0.8,-2.0,-2.56,0.0,0.0,0.4,0.0,0.0,-1.2,1.57,0.0,0.0
2980.0,0.0,0.0,0.0,-1.58,0.35,-0.8,-2.0,-2.56,0.0,0.0,0.4,0.0,0.0,-1.2,1.57,0.0,0.0
2990.0,0.0,0.0,0.0,-1.58,0.35,-0.8,-2.0,-2.56,0.0,0.0,0.4,0.0,0.0,-1.2,1.57,0.0,0.0
3000.0,0.0,0.0,0.0,-1.58,0.35,-0.8,-2.0,-2.56,0.0,0.0,0.4,0.0,0.0,-1.2,1.57,0.0,0.0
3010.0,0.0,0.0,0.0,-1.5831000000000002,0.35174999999999995,-0.796,-1.9925,-2.55505,0.0,0.0,0.4,0.0,0.0,-1.2,1.57,0.0,0.0
3020.0,0.0,0.0,0.0,-1.5862,0.3535,-0.792,-1.985,-2.5501,0.0,0.0,0.4,0.0,0.0,-1.2,1.57,0.0,0.0
3030.0,0.0,0.0,0.0,-1.5893000000000002,0.35524999999999995,-0.788,-1.9775,-2.54515,0.0,0.0,0.4,0.0,0.0,-1.2,1.57,0.0,0.0
3040.0,0.0,0.0,0.0,-1.5924,0.357,-0.784,-1.97,-2.5402,0.0,0.0,0.4,0.0,0.0,-1.2,1.57,0.0,0.0
3050.0,0.0,0.0,0.0,-1.5955000000000001,0.35874999999999996,-0.78,-1.9625,-2.53525,0.0,0.0,0.4,0.0,0.0,-1.2,1.57,0.0,0.0
3060.0,0.0,0.0,0.0,-1.5986,0.3605,-0.776,-1.955,-2.5303,0.0,0.0,0.4,0.0,0.0,-1.2,1.57,0.0,0.0
3070.0,0.0,0.0,0.0,-1.6017000000000001,0.36224999999999996,-0.772,-1.9475,-2.52535,0.0,0.0,0.4,0.0,0.0,-1.2,1.57,0.0,0.0
3080.0,0.0,0.0,0.0,-1.6048,0.364,-0.768,-1.94,-2.5204,0.0,0.0,0.4,0.0,0.0,-1.2,1.57,0.0,0.0
3090.0,0.0,0.0,0.0,-1.6079,0.36574999999999996,-0.764,-1.9325,-2.51545,0.0,0.0,0.4,0.0,0.0,-1.2,1.57,0.0,0.0
3100.0,0.0,0.0,0.0,-1.611,0.3675,-0.76,-1.925,-2.5105,0.0,0.0,0.4,0.0,0.0,-1.2,1.57,0.0,0.0
3110.0,0.0,0.0,0.0,-1.6141,0.36924999999999997,-0.756,-1.9175,-2.50555,0.0,0.0,0.4,0.0,0.0,-1.2,1.57,0.0,0.0
3120.0,0.0,0.0,0.0,-1.6172,0.371,-0.752,-1.91,-2.5006,0.0,0.0,0.4,0.0,0.0,-1.2,1.57,0.0,0.0
3130.0,0.0,0.0,0.0,-1.6203,0.37274999999999997,-0.748,-1.9025,-2.49565,0.0,0.0,0.4,0.0,0.0,-1.2,1.57,0.0,0.0
3140.0,0.0,0.0,0.0,-1.6234000000000002,0.3745,-0.744,-1.895,-2.4907,0.0,0.0,0.4,0.0,0.0,-1.2,1.57,0.0,0.0
3150.0,0.0,0.0,0.0,-1.6265,0.37625,-0.74,-1.8875,-2.48575,0.0,0.0,0.4,0.0,0.0,-1.2,1.57,0.0,0.0
3160.0,0.0,0.0,0.0,-1.6296000000000002,0.378,-0.736,-1.88,-2.4808,0.0,0.0,0.4,0.0,0.0,-1.2,1.57,0.0,0.0
3170.0,0.0,0.0,0.0,-1.6327,0.37975,-0.732,-1.8725,-2.47585,0.0,0.0,0.4,0.0,0.0,-1.2,1.57,0.0,0.0
3180.0,0.0,0.0,0.0,-1.6358000000000001,0.38149999999999995,-0.728,-1.865,-2.4709,0.0,0.0,0.4,0.0,0.0,-1.2,1.57,0.0,0.0
3190.0,0.0,0.0,0.0,-1.6389,0.38325,-0.7240000000000001,-1.8575,-2.46595,0.0,0.0,0.4,0.0,0.0,-1.2,1.57,0.0,0.0
3200.0,0.0,0.0,0.0,-1.6420000000000001,0.38499999999999995,-0.7200000000000001,-1.85,-2.461,0.0,0.0,0.4,0.0,0.0,-1.2,1.57,0.0,0.0
3210.0,0.0,0.0,0.0,-1.6451,0.38675,-0.7160000000000001,-1.8425,-2.45605,0.0,0.0,0.4,0.0,0.0,-1.2,1.57,0.0,0.0
3220.0,0.0,0.0,0.0,-1.6482,0.38849999999999996,-0.7120000000000001,-1.835,-2.4511000000000003,0.0,0.0,0.4,0.0,0.0,-1.2,1.57,0.0,0.0
3230.0,0.0,0.0,0.0,-1.6513,0.39025,-0.7080000000000001,-1.8275,-2.4461500000000003,0.0,0.0,0.4,0.0,0.0,-1.2,1.57,0.0,0.0
3240.0,0.0,0.0,0.0,-1.6544,0.39199999999999996,-0.7040000000000001,-1.82,-2.4412000000000003,0.0,0.0,0.4,0.0,0.0,-1.2,1.57,0.0,0.0
3250.0,0.0,0.0,0.0,-1.6575000000000002,0.39375,-0.7000000000000001,-1.8125,-2.4362500000000002,0.0,0.0,0.4,0.0,0.0,-1.2,1.57,0.0,0.0
3260.0,0.0,0.0,0.0,-1.6606,0.39549999999999996,-0.6960000000000001,-1.805,-2.4313000000000002,0.0,0.0,0.4,0.0,0.0,-1.2,1.57,0.0,0.0
3270.0,0.0,0.0,0.0,-1.6637000000000002,0.39725,-0.6920000000000001,-1.7974999999999999,-2.4263500000000002,0.0,0.0,0.4,0.0,0.0,-1.2,1.57,0.0,0.0
3280.0,0.0,0.0,0.0,-1.6668,0.39899999999999997,-0.6880000000000001,-1.79,-2.4214,0.0,0.0,0.4,0.0,0.0,-1.2,1.57,0.0,0.0
3290.0,0.0,0.0,0.0,-1.6699000000000002,0.40075,-0.684,-1.7825,-2.41645,0.0,0.0,0.4,0.0,0.0,-1.2,1.57,0.0,0.0
3300.0,0.0,0.0,0.0,-1.673,0.40249999999999997,-0.68,-1.775,-2.4115,0.0,0.0,0.4,0.0,0.0,-1.2,1.57,0.0,0.0
3310.0,0.0,0.0,0.0,-1.6761000000000001,0.40425,-0.676,-1.7675,-2.40655,0.0,0.0,0.4,0.0,0.0,-1.2,1.57,0.0,0.0
3320.0,0.0,0.0,0.0,-1.6792,0.40599999999999997,-0.672,-1.76,-2.4016,0.0,0.0,0.4,0.0,0.0,-1.2,1.57,0.0,0.0
3330.0,0.0,0.0,0.0,-1.6823000000000001,0.40775,-0.668,-1.7525,-2.39665,0.0,0.0,0.4,0.0,0.0,-1.2,1.57,0.0,0.0
3340.0,0.0,0.0,0.0,-1.6854,0.4095,-0.664,-1.745,-2.3917,0.0,0.0,0.4,0.0,0.0,-1.2,1.57,0.0,0.0
3350.0,0.0,0.0,0.0,-1.6885000000000001,0.41125,-0.66,-1.7375,-2.38675,0.0,0.0,0.4,0.0,0.0,-1.2,1.57,0.0,0.0
3360.0,0.0,0.0,0.0,-1.6916,0.413,-0.656,-1.73,-2.3818,0.0,0.0,0.4,0.0,0.0,-1.2,1.57,0.0,0.0
3370.0,0.0,0.0,0.0,-1.6947,0.41474999999999995,-0.652,-1.7225,-2.37685,0.0,0.0,0.4,0.0,0.0,-1.2,1.57,0.0,0.0
3380.0,0.0,0.0,0.0,-1.6978,0.4165,-0.648,-1.7149999999999999,-2.3719,0.0,0.0,0.4,0.0,0.0,-1.2,1.57,0.0,0.0
3390.0,0.0,0.0,0.0,-1.7009,0.41825,-0.644,-1.7075,-2.36695,0.0,0.0,0.4,0.0,0.0,-1.2,1.57,0.0,0.0
3400.0,0.0,0.0,0.0,-1.7040000000000002,0.42,-0.64,-1.7,-2.362,0.0,0.0,0.4,0.0,0.0,-1.2,1.57,0.0,0.0
3410.0,0.0,0.0,0.0,-1.7071,0.42174999999999996,-0.636,-1.6925,-2.35705,0.0,0.0,0.4,0.0,0.0,-1.2,1.57,0.0,0.0
3420.0,0.0,0.0,0.0,-1.7102000000000002,0.4235,-0.632,-1.685,-2.3521,0.0,0.0,0.4,0.0,0.0,-1.2,1.57,0.0,0.0
3430.0,0.0,0.0,0.0,-1.7133,0.42524999999999996,-0.628,-1.6775,-2.34715,0.0,0.0,0.4,0.0,0.0,-1.2,1.57,0.0,0.0
3440.0,0.0,0.0,0.0,-1.7164000000000001,0.427,-0.624,-1.67,-2.3422,0.0,0.0,0.4,0.0,0.0,-1.2,1.57,0.0,0.0
3450.0,0.0,0.0,0.0,-1.7195,0.42874999999999996,-0.62,-1.6625,-2.33725,0.0,0.0,0.4,0.0,0.0,-1.2,1.57,0.0,0.0
3460.0,0.0,0.0,0.0,-1.7226000000000001,0.4305,-0.6160000000000001,-1.655,-2.3323,0.0,0.0,0.4,0.0,0.0,-1.2,1.57,0.0,0.0
3470.0,0.0,0.0,0.0,-1.7257,0.43224999999999997,-0.6120000000000001,-1.6475,-2.32735,0.0,0.0,0.4,0.0,0.0,-1.2,1.57,0.0,0.0
3480.0,0.0,0.0,0.0,-1.7288000000000001,0.434,-0.6080000000000001,-1.6400000000000001,-2.3224,0.0,0.0,0.4,0.0,0.0,-1.2,1.57,0.0,0.0
3490.0,0.0,0.0,0.0,-1.7319,0.43574999999999997,-0.6040000000000001,-1.6325,-2.31745,0.0,0.0,0.4,0.0,0.0,-1.2,1.57,0.0,0.0
3500.0,0.0,0.0,0.0,-1.735,0.4375,-0.6000000000000001,-1.625,-2.3125,0.0,0.0,0.4,0.0,0.0,-1.2,1.57,0.0,0.0
3510.0,0.0,0.0,0.0,-1.7381000000000002,0.43925,-0.5960000000000001,-1.6175,-2.30755,0.0,0.0,0.4,0.0,0.0,-1.2,1.57,0.0,0.0
3520.0,0.0,0.0,0.0,-1.7412,0.44099999999999995,-0.5920000000000001,-1.6099999999999999,-2.3026,0.0,0.0,0.4,0.0,0.0,-1.2,1.57,0.0,0.0
3530.0,0.0,0.0,0.0,-1.7443000000000002,0.44275,-0.5880000000000001,-1.6025,-2.29765,0.0,0.0,0.4,0.0,0.0,-1.2,1.57,0.0,0.0
3540.0,0.0,0.0,0.0,-1.7474,0.4445,-0.5840000000000001,-1.595,-2.2927,0.0,0.0,0.4,0.0,0.0,-1.2,1.57,0.0,0.0
3550.0,0.0,0.0,0.0,-1.7505000000000002,0.44625,-0.5800000000000001,-1.5875,-2.28775,0.0,0.0,0.4,0.0,0.0,-1.2,1.57,0.0,0.0
3560.0,0.0,0.0,0.0,-1.7536,0.44799999999999995,-0.5760000000000001,-1.58,-2.2828,0.0,0.0,0.4,0.0,0.0,-1.2,1.57,0.0,0.0
3570.0,0.0,0.0,0.0,-1.7567000000000002,0.44975,-0.5720000000000001,-1.5725,-2.27785,0.0,0.0,0.4,0.0,0.0,-1.2,1.57,0.0,0.0
3580.0,0.0,0.0,0.0,-1.7598,0.45149999999999996,-0.5680000000000001,-1.565,-2.2729,0.0,0.0,0.4,0.0,0.0,-1.2,1.57,0.0,0.0
3590.0,0.0,0.0,0.0,-1.7629000000000001,0.45325,-0.5640000000000001,-1.5575,-2.26795,0.0,0.0,0.4,0.0,0.0,-1.2,1.57,0.0,0.0
3600.0,0.0,0.0,0.0,-1.766,0.45499999999999996,-0.56,-1.55,-2.263,0.0,0.0,0.4,0.0,0.0,-1.2,1.57,0.0,0.0
3610.0,0.0,0.0,0.0,-1.7691000000000001,0.45675,-0.556,-1.5425,-2.25805,0.0,0.0,0.4,0.0,0.0,-1.2,1.57,0.0,0.0
3620.0,0.0,0.0,0.0,-1.7722000000000002,0.45849999999999996,-0.552,-1.535,-2.2531,0.0,0.0,0.4,0.0,0.0,-1.2,1.57,0.0,0.0
3630.0,0.0,0.0,0.0,-1.7753,0.46025,-0.548,-1.5274999999999999,-2.24815,0.0,0.0,0.4,0.0,0.0,-1.2,1.57,0.0,0.0
3640.0,0.0,0.0,0.0,-1.7784,0.46199999999999997,-0.544,-1.52,-2.2432,0.0,0.0,0.4,0.0,0.0,-1.2,1.57,0.0,0.0
3650.0,0.0,0.0,0.0,-1.7815,0.46375,-0.54,-1.5125,-2.23825,0.0,0.0,0.4,0.0,0.0,-1.2,1.57,0.0,0.0
3660.0,0.0,0.0,0.0,-1.7846000000000002,0.46549999999999997,-0.536,-1.505,-2.2333,0.0,0.0,0.4,0.0,0.0,-1.2,1.57,0.0,0.0
3670.0,0.0,0.0,0.0,-1.7877,0.46724999999999994,-0.532,-1.4975,-2.22835,0.0,0.0,0.4,0.0,0.0,-1.2,1.57,0.0,0.0
3680.0,0.0,0.0,0.0,-1.7908000000000002,0.469,-0.528,-1.49,-2.2234,0.0,0.0,0.4,0.0,0.0,-1.2,1.57,0.0,0.0
3690.0,0.0,0.0,0.0,-1.7939,0.47075,-0.524,-1.4825,-2.21845,0.0,0.0,0.4,0.0,0.0,-1.2,1.57,0.0,0.0
3700.0,0.0,0.0,0.0,-1.7970000000000002,0.4725,-0.52,-1.475,-2.2135000000000002,0.0,0.0,0.4,0.0,0.0,-1.2,1.57,0.0,0.0
3710.0,0.0,0.0,0.0,-1.8001,0.47424999999999995,-0.516,-1.4675,-2.2085500000000002,0.0,0.0,0.4,0.0,0.0,-1.2,1.57,0.0,0.0
3720.0,0.0,0.0,0.0,-1.8032000000000001,0.476,-0.512,-1.46,-2.2036000000000002,0.0,0.0,0.4,0.0,0.0,-1.2,1.57,0.0,0.0
3730.0,0.0,0.0,0.0,-1.8063,0.47775,-0.508,-1.4525000000000001,-2.19865,0.0,0.0,0.4,0.0,0.0,-1.2,1.57,0.0,0.0
3740.0,0.0,0.0,0.0,-1.8094000000000001,0.4795,-0.504,-1.4449999999999998,-2.1937,0.0,0.0,0.4,0.0,0.0,-1.2,1.57,0.0,0.0
3750.0,0.0,0.0,0.0,-1.8125,0.48124999999999996,-0.5,-1.4375,-2.18875,0.0,0.0,0.4,0.0,0.0,-1.2,1.57,0.0,0.0
3760.0,0.0,0.0,0.0,-1.8156,0.483,-0.49600000000000005,-1.43,-2.1838,0.0,0.0,0.4,0.0,0.0,-1.2,1.57,0.0,0.0
3770.0,0.0,0.0,0.0,-1.8187000000000002,0.48475,-0.49200000000000005,-1.4224999999999999,-2.17885,0.0,0.0,0.4,0.0,0.0,-1.2,1.57,0.0,0.0
3780.0,0.0,0.0,0.0,-1.8218,0.4865,-0.48800000000000004,-1.415,-2.1739,0.0,0.0,0.4,0.0,0.0,-1.2,1.57,0.0,0.0
3790.0,0.0,0.0,0.0,-1.8249000000000002,0.48824999999999996,-0.48400000000000004,-1.4075,-2.16895,0.0,0.0,0.4,0.0,0.0,-1.2,1.57,0.0,0.0
3800.0,0.0,0.0,0.0,-1.828,0.49,-0.48000000000000004,-1.4,-2.164,0.0,0.0,0.4,0.0,0.0,-1.2,1.57,0.0,0.0
3810.0,0.0,0.0,0.0,-1.8311000000000002,0.49174999999999996,-0.47600000000000003,-1.3925,-2.15905,0.0,0.0,0.4,0.0,0.0,-1.2,1.57,0.0,0.0
3820.0,0.0,0.0,0.0,-1.8342,0.49349999999999994,-0.47200000000000003,-1.385,-2.1541,0.0,0.0,0.4,0.0,0.0,-1.2,1.57,0.0,0.0
3830.0,0.0,0.0,0.0,-1.8373000000000002,0.49524999999999997,-0.468,-1.3775,-2.14915,0.0,0.0,0.4,0.0,0.0,-1.2,1.57,0.0,0.0
3840.0,0.0,0.0,0.0,-1.8404,0.497,-0.464,-1.37,-2.1442,0.0,0.0,0.4,0.0,0.0,-1.2,1.57,0.0,0.0
3850.0,0.0,0.0,0.0,-1.8435000000000001,0.49874999999999997,-0.46,-1.3624999999999998,-2.13925,0.0,0.0,0.4,0.0,0.0,-1.2,1.57,0.0,0.0
3860.0,0.0,0.0,0.0,-1.8466,0.5005,-0.456,-1.355,-2.1343,0.0,0.0,0.4,0.0,0.0,-1.2,1.57,0.0,0.0
3870.0,0.0,0.0,0.0,-1.8497000000000001,0.50225,-0.452,-1.3475000000000001,-2.12935,0.0,0.0,0.4,0.0,0.0,-1.2,1.57,0.0,0.0
3880.0,0.0,0.0,0.0,-1.8528000000000002,0.504,-0.448,-1.3399999999999999,-2.1244,0.0,0.0,0.4,0.0,0.0,-1.2,1.57,0.0,0.0
3890.0,0.0,0.0,0.0,-1.8559,0.5057499999999999,-0.444,-1.3325,-2.11945,0.0,0.0,0.4,0.0,0.0,-1.2,1.57,0.0,0.0
3900.0,0.0,0.0,0.0,-1.859,0.5075,-0.44,-1.325,-2.1145,0.0,0.0,0.4,0.0,0.0,-1.2,1.57,0.0,0.0
3910.0,0.0,0.0,0.0,-1.8621,0.50925,-0.43600000000000005,-1.3175,-2.10955,0.0,0.0,0.4,0.0,0.0,-1.2,1.57,0.0,0.0
3920.0,0.0,0.0,0.0,-1.8652000000000002,0.511,-0.43200000000000005,-1.31,-2.1046,0.0,0.0,0.4,0.0,0.0,-1.2,1.57,0.0,0.0
3930.0,0.0,0.0,0.0,-1.8683,0.51275,-0.42800000000000005,-1.3025,-2.09965,0.0,0.0,0.4,0.0,0.0,-1.2,1.57,0.0,0.0
3940.0,0.0,0.0,0.0,-1.8714000000000002,0.5145,-0.42400000000000004,-1.295,-2.0947,0.0,0.0,0.4,0.0,0.0,-1.2,1.57,0.0,0.0
3950.0,0.0,0.0,0.0,-1.8745,0.51625,-0.42000000000000004,-1.2875,-2.08975,0.0,0.0,0.4,0.0,0.0,-1.2,1.57,0.0,0.0
3960.0,0.0,0.0,0.0,-1.8776000000000002,0.518,-0.41600000000000004,-1.28,-2.0848,0.0,0.0,0.4,0.0,0.0,-1.2,1.57,0.0,0.0
3970.0,0.0,0.0,0.0,-1.8807,0.5197499999999999,-0.41200000000000003,-1.2725,-2.07985,0.0,0.0,0.4,0.0,0.0,-1.2,1.57,0.0,0.0
3980.0,0.0,0.0,0.0,-1.8838000000000001,0.5215,-0.40800000000000003,-1.2650000000000001,-2.0749,0.0,0.0,0.4,0.0,0.0,-1.2,1.57,0.0,0.0
3990.0,0.0,0.0,0.0,-1.8869000000000002,0.52325,-0.404,-1.2574999999999998,-2.06995,0.0,0.0,0.4,0.0,0.0,-1.2,1.57,0.0,0.0
4000.0,0.0,0.0,0.0,-1.8900000000000001,0.5249999999999999,-0.4,-1.25,-2.065,0.0,0.0,0.4,0.0,0.0,-1.2,1.57,0.0,0.0
4010.0,0.0,0.0,0.0,-1.8931,0.5267499999999999,-0.396,-1.2425,-2.06005,0.0,0.0,0.4,0.0,0.0,-1.2,1.57,0.0,0.0
4020.0,0.0,0.0,0.0,-1.8962,0.5285,-0.392,-1.2349999999999999,-2.0551,0.0,0.0,0.4,0.0,0.0,-1.2,1.57,0.0,0.0
4030.0,0.0,0.0,0.0,-1.8993000000000002,0.53025,-0.388,-1.2275,-2.05015,0.0,0.0,0.4,0.0,0.0,-1.2,1.57,0.0,0.0
4040.0,0.0,0.0,0.0,-1.9024,0.532,-0.384,-1.22,-2.0452,0.0,0.0,0.4,0.0,0.0,-1.2,1.57,0.0,0.0
4050.0,0.0,0.0,0.0,-1.9055000000000002,0.53375,-0.38,-1.2125,-2.04025,0.0,0.0,0.4,0.0,0.0,-1.2,1.57,0.0,0.0
4060.0,0.0,0.0,0.0,-1.9086,0.5355,-0.376,-1.205,-2.0353000000000003,0.0,0.0,0.4,0.0,0.0,-1.2,1.57,0.0,0.0
4070.0,0.0,0.0,0.0,-1.9117000000000002,0.53725,-0.372,-1.1975,-2.0303500000000003,0.0,0.0,0.4,0.0,0.0,-1.2,1.57,0.0,0.0
4080.0,0.0,0.0,0.0,-1.9148,0.5389999999999999,-0.36800000000000005,-1.19,-2.0254000000000003,0.0,0.0,0.4,0.0,0.0,-1.2,1.57,0.0,0.0
4090.0,0.0,0.0,0.0,-1.9179000000000002,0.54075,-0.36400000000000005,-1.1825,-2.0204500000000003,0.0,0.0,0.4,0.0,0.0,-1.2,1.57,0.0,0.0
4100.0,0.0,0.0,0.0,-1.9210000000000003,0.5425,-0.36000000000000004,-1.1749999999999998,-2.0155000000000003,0.0,0.0,0.4,0.0,0.0,-1.2,1.57,0.0,0.0
4110.0,0.0,0.0,0.0,-1.9241000000000001,0.54425,-0.35600000000000004,-1.1675,-2.0105500000000003,0.0,0.0,0.4,0.0,0.0,-1.2,1.57,0.0,0.0
4120.0,0.0,0.0,0.0,-1.9272,0.546,-0.35200000000000004,-1.1600000000000001,-2.0056000000000003,0.0,0.0,0.4,0.0,0.0,-1.2,1.57,0.0,0.0
4130.0,0.0,0.0,0.0,-1.9303000000000001,0.54775,-0.34800000000000003,-1.1524999999999999,-2.0006500000000003,0.0,0.0,0.4,0.0,0.0,-1.2,1.57,0.0,0.0
4140.0,0.0,0.0,0.0,-1.9334000000000002,0.5495,-0.34400000000000003,-1.145,-1.9957,0.0,0.0,0.4,0.0,0.0,-1.2,1.57,0.0,0.0
4150.0,0.0,0.0,0.0,-1.9365,0.55125,-0.34,-1.1375,-1.99075,0.0,0.0,0.4,0.0,0.0,-1.2,1.57,0.0,0.0
4160.0,0.0,0.0,0.0,-1.9396000000000002,0.5529999999999999,-0.336,-1.13,-1.9858,0.0,0.0,0.4,0.0,0.0,-1.2,1.57,0.0,0.0
4170.0,0.0,0.0,0.0,-1.9427,0.55475,-0.332,-1.1225,-1.9808500000000002,0.0,0.0,0.4,0.0,0.0,-1.2,1.57,0.0,0.0
4180.0,0.0,0.0,0.0,-1.9458000000000002,0.5565,-0.328,-1.115,-1.9759000000000002,0.0,0.0,0.4,0.0,0.0,-1.2,1.57,0.0,0.0
4190.0,0.0,0.0,0.0,-1.9489,0.5582499999999999,-0.324,-1.1075,-1.9709500000000002,0.0,0.0,0.4,0.0,0.0,-1.2,1.57,0.0,0.0
4200.0,0.0,0.0,0.0,-1.9520000000000002,0.5599999999999999,-0.32,-1.1,-1.9660000000000002,0.0,0.0,0.4,0.0,0.0,-1.2,1.57,0.0,0.0
4210.0,0.0,0.0,0.0,-1.9551,0.56175,-0.316,-1.0925,-1.9610500000000002,0.0,0.0,0.4,0.0,0.0,-1.2,1.57,0.0,0.0
4220.0,0.0,0.0,0.0,-1.9582000000000002,0.5635,-0.312,-1.085,-1.9561000000000002,0.0,0.0,0.4,0.0,0.0,-1.2,1.57,0.0,0.0
4230.0,0.0,0.0,0.0,-1.9613,0.56525,-0.308,-1.0775000000000001,-1.9511500000000002,0.0,0.0,0.4,0.0,0.0,-1.2,1.57,0.0,0.0
4240.0,0.0,0.0,0.0,-1.9644000000000001,0.567,-0.30400000000000005,-1.0699999999999998,-1.9462000000000002,0.0,0.0,0.4,0.0,0.0,-1.2,1.57,0.0,0.0
4250.0,0.0,0.0,0.0,-1.9675000000000002,0.56875,-0.30000000000000004,-1.0625,-1.9412500000000001,0.0,0.0,0.4,0.0,0.0,-1.2,1.57,0.0,0.0
4260.0,0.0,0.0,0.0,-1.9706000000000001,0.5705,-0.29600000000000004,-1.055,-1.9363000000000001,0.0,0.0,0.4,0.0,0.0,-1.2,1.57,0.0,0.0
4270.0,0.0,0.0,0.0,-1.9737,0.5722499999999999,-0.29200000000000004,-1.0474999999999999,-1.9313500000000001,0.0,0.0,0.4,0.0,0.0,-1.2,1.57,0.0,0.0
4280.0,0.0,0.0,0.0,-1.9768000000000001,0.574,-0.28800000000000003,-1.04,-1.9264000000000001,0.0,0.0,0.4,0.0,0.0,-1.2,1.57,0.0,0.0
4290.0,0.0,0.0,0.0,-1.9799000000000002,0.57575,-0.28400000000000003,-1.0325,-1.92145,0.0,0.0,0.4,0.0,0.0,-1.2,1.57,0.0,0.0
4300.0,0.0,0.0,0.0,-1.983,0.5775,-0.28,-1.025,-1.9165,0.0,0.0,0.4,0.0,0.0,-1.2,1.57,0.0,0.0
4310.0,0.0,0.0,0.0,-1.9861000000000002,0.57925,-0.276,-1.0175,-1.91155,0.0,0.0,0.4,0.0,0.0,-1.2,1.57,0.0,0.0
4320.0,0.0,0.0,0.0,-1.9892,0.581,-0.272,-1.01,-1.9066,0.0,0.0,0.4,0.0,0.0,-1.2,1.57,0.0,0.0
4330.0,0.0,0.0,0.0,-1.9923000000000002,0.58275,-0.268,-1.0025,-1.90165,0.0,0.0,0.4,0.0,0.0,-1.2,1.57,0.0,0.0
4340.0,0.0,0.0,0.0,-1.9954,0.5845,-0.264,-0.9949999999999999,-1.8967,0.0,0.0,0.4,0.0,0.0,-1.2,1.57,0.0,0.0
4350.0,0.0,0.0,0.0,-1.9985000000000002,0.5862499999999999,-0.26,-0.9875,-1.89175,0.0,0.0,0.4,0.0,0.0,-1.2,1.57,0.0,0.0
4360.0,0.0,0.0,0.0,-2.0016000000000003,0.588,-0.256,-0.98,-1.8868,0.0,0.0,0.4,0.0,0.0,-1.2,1.57,0.0,0.0
4370.0,0.0,0.0,0.0,-2.0047,0.58975,-0.252,-0.9724999999999999,-1.88185,0.0,0.0,0.4,0.0,0.0,-1.2,1.57,0.0,0.0
4380.0,0.0,0.0,0.0,-2.0078,0.5914999999999999,-0.248,-0.9650000000000001,-1.8769,0.0,0.0,0.4,0.0,0.0,-1.2,1.57,0.0,0.0
4390.0,0.0,0.0,0.0,-2.0109000000000004,0.5932499999999999,-0.244,-0.9575,-1.87195,0.0,0.0,0.4,0.0,0.0,-1.2,1.57,0.0,0.0
4400.0,0.0,0.0,0.0,-2.0140000000000002,0.595,-0.24,-0.95,-1.867,0.0,0.0,0.4,0.0,0.0,-1.2,1.57,0.0,0.0
4410.0,0.0,0.0,0.0,-2.0171,0.59675,-0.236,-0.9424999999999999,-1.86205,0.0,0.0,0.4,0.0,0.0,-1.2,1.57,0.0,0.0
4420.0,0.0,0.0,0.0,-2.0202,0.5985,-0.23199999999999998,-0.935,-1.8571,0.0,0.0,0.4,0.0,0.0,-1.2,1.57,0.0,0.0
4430.0,0.0,0.0,0.0,-2.0233000000000003,0.60025,-0.22799999999999998,-0.9275,-1.85215,0.0,0.0,0.4,0.0,0.0,-1.2,1.57,0.0,0.0
4440.0,0.0,0.0,0.0,-2.0264,0.602,-0.22399999999999998,-0.9199999999999999,-1.8472,0.0,0.0,0.4,0.0,0.0,-1.2,1.57,0.0,0.0
4450.0,0.0,0.0,0.0,-2.0295,0.60375,-0.21999999999999997,-0.9124999999999999,-1.84225,0.0,0.0,0.4,0.0,0.0,-1.2,1.57,0.0,0.0
4460.0,0.0,0.0,0.0,-2.0326,0.6054999999999999,-0.21599999999999997,-0.905,-1.8373,0.0,0.0,0.4,0.0,0.0,-1.2,1.57,0.0,0.0
4470.0,0.0,0.0,0.0,-2.0357000000000003,0.60725,-0.21199999999999997,-0.8975,-1.83235,0.0,0.0,0.4,0.0,0.0,-1.2,1.57,0.0,0.0
4480.0,0.0,0.0,0.0,-2.0388,0.609,-0.20799999999999996,-0.8899999999999999,-1.8274,0.0,0.0,0.4,0.0,0.0,-1.2,1.57,0.0,0.0
4490.0,0.0,0.0,0.0,-2.0419,0.6107499999999999,-0.20400000000000007,-0.8825000000000001,-1.82245,0.0,0.0,0.4,0.0,0.0,-1.2,1.57,0.0,0.0
4500.0,0.0,0.0,0.0,-2.045,0.6125,-0.20000000000000007,-0.875,-1.8175,0.0,0.0,0.4,0.0,0.0,-1.2,1.57,0.0,0.0
4510.0,0.0,0.0,0.0,-2.0481000000000003,0.61425,-0.19600000000000006,-0.8674999999999999,-1.81255,0.0,0.0,0.4,0.0,0.0,-1.2,1.57,0.0,0.0
4520.0,0.0,0.0,0.0,-2.0512,0.616,-0.19200000000000006,-0.8599999999999999,-1.8076,0.0,0.0,0.4,0.0,0.0,-1.2,1.57,0.0,0.0
4530.0,0.0,0.0,0.0,-2.0543,0.61775,-0.18800000000000006,-0.8525,-1.80265,0.0,0.0,0.4,0.0,0.0,-1.2,1.57,0.0,0.0
4540.0,0.0,0.0,0.0,-2.0574000000000003,0.6194999999999999,-0.18400000000000005,-0.845,-1.7977,0.0,0.0,0.4,0.0,0.0,-1.2,1.57,0.0,0.0
4550.0,0.0,0.0,0.0,-2.0605,0.62125,-0.18000000000000005,-0.8374999999999999,-1.79275,0.0,0.0,0.4,0.0,0.0,-1.2,1.57,0.0,0.0
4560.0,0.0,0.0,0.0,-2.0636,0.623,-0.17600000000000005,-0.8300000000000001,-1.7878,0.0,0.0,0.4,0.0,0.0,-1.2,1.57,0.0,0.0
4570.0,0.0,0.0,0.0,-2.0667,0.6247499999999999,-0.17200000000000004,-0.8225,-1.78285,0.0,0.0,0.4,0.0,0.0,-1.2,1.57,0.0,0.0
4580.0,0.0,0.0,0.0,-2.0698000000000003,0.6265000000000001,-0.16800000000000004,-0.815,-1.7779,0.0,0.0,0.4,0.0,0.0,-1.2,1.57,0.0,0.0
4590.0,0.0,0.0,0.0,-2.0729,0.62825,-0.16400000000000003,-0.8074999999999999,-1.77295,0.0,0.0,0.4,0.0,0.0,-1.2,1.57,0.0,0.0
4600.0,0.0,0.0,0.0,-2.076,0.6299999999999999,-0.16000000000000003,-0.8,-1.768,0.0,0.0,0.4,0.0,0.0,-1.2,1.57,0.0,0.0
4610.0,0.0,0.0,0.0,-2.0791000000000004,0.63175,-0.15600000000000003,-0.7925,-1.76305,0.0,0.0,0.4,0.0,0.0,-1.2,1.57,0.0,0.0
4620.0,0.0,0.0,0.0,-2.0822000000000003,0.6335,-0.15200000000000002,-0.7849999999999999,-1.7581000000000002,0.0,0.0,0.4,0.0,0.0,-1.2,1.57,0.0,0.0
4630.0,0.0,0.0,0.0,-2.0853,0.63525,-0.14800000000000002,-0.7775000000000001,-1.7531500000000002,0.0,0.0,0.4,0.0,0.0,-1.2,1.57,0.0,0.0
4640.0,0.0,0.0,0.0,-2.0884,0.637,-0.14400000000000002,-0.77,-1.7482000000000002,0.0,0.0,0.4,0.0,0.0,-1.2,1.57,0.0,0.0
4650.0,0.0,0.0,0.0,-2.0915,0.6387499999999999,-0.14,-0.7625,-1.7432500000000002,0.0,0.0,0.4,0.0,0.0,-1.2,1.57,0.0,0.0
4660.0,0.0,0.0,0.0,-2.0946000000000002,0.6405,-0.136,-0.7549999999999999,-1.7383000000000002,0.0,0.0,0.4,0.0,0.0,-1.2,1.57,0.0,0.0
4670.0,0.0,0.0,0.0,-2.0977,0.64225,-0.132,-0.7475,-1.7333500000000002,0.0,0.0,0.4,0.0,0.0,-1.2,1.57,0.0,0.0
4680.0,0.0,0.0,0.0,-2.1008,0.6439999999999999,-0.128,-0.74,-1.7284000000000002,0.0,0.0,0.4,0.0,0.0,-1.2,1.57,0.0,0.0
4690.0,0.0,0.0,0.0,-2.1039000000000003,0.64575,-0.124,-0.7324999999999999,-1.7234500000000001,0.0,0.0,0.4,0.0,0.0,-1.2,1.57,0.0,0.0
4700.0,0.0,0.0,0.0,-2.107,0.6475,-0.12,-0.7249999999999999,-1.7185000000000001,0.0,0.0,0.4,0.0,0.0,-1.2,1.57,0.0,0.0
4710.0,0.0,0.0,0.0,-2.1101,0.64925,-0.11599999999999999,-0.7175,-1.7135500000000001,0.0,0.0,0.4,0.0,0.0,-1.2,1.57,0.0,0.0
4720.0,0.0,0.0,0.0,-2.1132,0.651,-0.11199999999999999,-0.71,-1.7086000000000001,0.0,0.0,0.4,0.0,0.0,-1.2,1.57,0.0,0.0
4730.0,0.0,0.0,0.0,-2.1163000000000003,0.6527499999999999,-0.10799999999999998,-0.7024999999999999,-1.70365,0.0,0.0,0.4,0.0,0.0,-1.2,1.57,0.0,0.0
4740.0,0.0,0.0,0.0,-2.1194,0.6545,-0.10399999999999998,-0.6950000000000001,-1.6987,0.0,0.0,0.4,0.0,0.0,-1.2,1.57,0.0,0.0
4750.0,0.0,0.0,0.0,-2.1225,0.65625,-0.09999999999999998,-0.6875,-1.69375,0.0,0.0,0.4,0.0,0.0,-1.2,1.57,0.0,0.0
4760.0,0.0,0.0,0.0,-2.1256000000000004,0.6579999999999999,-0.09599999999999997,-0.6799999999999999,-1.6888,0.0,0.0,0.4,0.0,0.0,-1.2,1.57,0.0,0.0
4770.0,0.0,0.0,0.0,-2.1287000000000003,0.65975,-0.09199999999999997,-0.6724999999999999,-1.68385,0.0,0.0,0.4,0.0,0.0,-1.2,1.57,0.0,0.0
4780.0,0.0,0.0,0.0,-2.1318,0.6615,-0.08799999999999997,-0.665,-1.6789,0.0,0.0,0.4,0.0,0.0,-1.2,1.57,0.0,0.0
4790.0,0.0,0.0,0.0,-2.1349,0.6632499999999999,-0.08399999999999996,-0.6575,-1.67395,0.0,0.0,0.4,0.0,0.0,-1.2,1.57,0.0,0.0
4800.0,0.0,0.0,0.0,-2.138,0.665,-0.07999999999999996,-0.6499999999999999,-1.669,0.0,0.0,0.4,0.0,0.0,-1.2,1.57,0.0,0.0
4810.0,0.0,0.0,0.0,-2.1411000000000002,0.66675,-0.07599999999999996,-0.6425000000000001,-1.66405,0.0,0.0,0.4,0.0,0.0,-1.2,1.57,0.0,0.0
4820.0,0.0,0.0,0.0,-2.1442,0.6685,-0.07200000000000006,-0.635,-1.6591,0.0,0.0,0.4,0.0,0.0,-1.2,1.57,0.0,0.0
4830.0,0.0,0.0,0.0,-2.1473000000000004,0.67025,-0.06800000000000006,-0.6275,-1.65415,0.0,0.0,0.4,0.0,0.0,-1.2,1.57,0.0,0.0
4840.0,0.0,0.0,0.0,-2.1504000000000003,0.6719999999999999,-0.06400000000000006,-0.6199999999999999,-1.6492,0.0,0.0,0.4,0.0,0.0,-1.2,1.57,0.0,0.0
4850.0,0.0,0.0,0.0,-2.1535,0.67375,-0.06000000000000005,-0.6125,-1.64425,0.0,0.0,0.4,0.0,0.0,-1.2,1.57,0.0,0.0
4860.0,0.0,0.0,0.0,-2.1566,0.6755,-0.05600000000000005,-0.605,-1.6393,0.0,0.0,0.4,0.0,0.0,-1.2,1.57,0.0,0.0
4870.0,0.0,0.0,0.0,-2.1597,0.6772499999999999,-0.052000000000000046,-0.5974999999999999,-1.63435,0.0,0.0,0.4,0.0,0.0,-1.2,1.57,0.0,0.0
4880.0,0.0,0.0,0.0,-2.1628000000000003,0.679,-0.04800000000000004,-0.5900000000000001,-1.6294,0.0,0.0,0.4,0.0,0.0,-1.2,1.57,0.0,0.0
4890.0,0.0,0.0,0.0,-2.1659,0.68075,-0.04400000000000004,-0.5825,-1.62445,0.0,0.0,0.4,0.0,0.0,-1.2,1.57,0.0,0.0
4900.0,0.0,0.0,0.0,-2.169,0.6825,-0.040000000000000036,-0.575,-1.6195,0.0,0.0,0.4,0.0,0.0,-1.2,1.57,0.0,0.0
4910.0,0.0,0.0,0.0,-2.1721000000000004,0.68425,-0.03600000000000003,-0.5674999999999999,-1.61455,0.0,0.0,0.4,0.0,0.0,-1.2,1.57,0.0,0.0
4920.0,0.0,0.0,0.0,-2.1752000000000002,0.6859999999999999,-0.03200000000000003,-0.56,-1.6096,0.0,0.0,0.4,0.0,0.0,-1.2,1.57,0.0,0.0
4930.0,0.0,0.0,0.0,-2.1783,0.68775,-0.028000000000000025,-0.5525,-1.60465,0.0,0.0,0.4,0.0,0.0,-1.2,1.57,0.0,0.0
4940.0,0.0,0.0,0.0,-2.1814,0.6895,-0.02400000000000002,-0.5449999999999999,-1.5997,0.0,0.0,0.4,0.0,0.0,-1.2,1.57,0.0,0.0
4950.0,0.0,0.0,0.0,-2.1845000000000003,0.6912499999999999,-0.020000000000000018,-0.5374999999999999,-1.5947500000000001,0.0,0.0,0.4,0.0,0.0,-1.2,1.57,0.0,0.0
4960.0,0.0,0.0,0.0,-2.1876,0.693,-0.016000000000000014,-0.53,-1.5898,0.0,0.0,0.4,0.0,0.0,-1.2,1.57,0.0,0.0
4970.0,0.0,0.0,0.0,-2.1907,0.69475,-0.01200000000000001,-0.5225,-1.58485,0.0,0.0,0.4,0.0,0.0,-1.2,1.57,0.0,0.0
4980.0,0.0,0.0,0.0,-2.1938000000000004,0.6964999999999999,-0.008000000000000007,-0.5149999999999999,-1.5799,0.0,0.0,0.4,0.0,0.0,-1.2,1.57,0.0,0.0
4990.0,0.0,0.0,0.0,-2.1969000000000003,0.69825,-0.0040000000000000036,-0.5075000000000001,-1.57495,0.0,0.0,0.4,0.0,0.0,-1.2,1.57,0.0,0.0
5000.0,0.0,0.0,0.0,-2.2,0.7,0.0,-0.5,-1.57,0.0,0.0,0.4,0.0,0.0,-1.2,1.57,0.0,0.0
5010.0,0.0,0.0,0.0,-2.2,0.7,0.0,-0.5,-1.57,0.0,0.0,0.4,0.0,0.0,-1.2,1.57,0.0,0.0
5020.0,0.0,0.0,0.0,-2.2,0.7,0.0,-0.5,-1.57,0.0,0.0,0.4,0.0,0.0,-1.2,1.57,0.0,0.0
5030.0,0.0,0.0,0.0,-2.2,0.7,0.0,-0.5,-1.57,0.0,0.0,0.4,0.0,0.0,-1.2,1.57,0.0,0.0
5040.0,0.0,0.0,0.0,-2.2,0.7,0.0,-0.5,-1.57,0.0,0.0,0.4,0.0,0.0,-1.2,1.57,0.0,0.0
5050.0,0.0,0.0,0.0,-2.2,0.7,0.0,-0.5,-1.57,0.0,0.0,0.4,0.0,0.0,-1.2,1.57,0.0,0.0
5060.0,0.0,0.0,0.0,-2.2,0.7,0.0,-0.5,-1.57,0.0,0.0,0.4,0.0,0.0,-1.2,1.57,0.0,0.0
5070.0,0.0,0.0,0.0,-2.2,0.7,0.0,-0.5,-1.57,0.0,0.0,0.4,0.0,0.0,-1.2,1.57,0.0,0.0
5080.0,0.0,0.0,0.0,-2.2,0.7,0.0,-0.5,-1.57,0.0,0.0,0.4,0.0,0.0,-1.2,1.57,0.0,0.0
5090.0,0.0,0.0,0.0,-2.2,0.7,0.0,-0.5,-1.57,0.0,0.0,0.4,0.0,0.0,-1.2,1.57,0.0,0.0
5100.0,0.0,0.0,0.0,-2.2,0.7,0.0,-0.5,-1.57,0.0,0.0,0.4,0.0,0.0,-1.2,1.57,0.0,0.0
5110.0,0.0,0.0,0.0,-2.2,0.7,0.0,-0.5,-1.57,0.0,0.0,0.4,0.0,0.0,-1.2,1.57,0.0,0.0
5120.0,0.0,0.0,0.0,-2.2,0.7,0.0,-0.5,-1.57,0.0,0.0,0.4,0.0,0.0,-1.2,1.57,0.0,0.0
5130.0,0.0,0.0,0.0,-2.2,0.7,0.0,-0.5,-1.57,0.0,0.0,0.4,0.0,0.0,-1.2,1.57,0.0,0.0
5140.0,0.0,0.0,0.0,-2.2,0.7,0.0,-0.5,-1.57,0.0,0.0,0.4,0.0,0.0,-1.2,1.57,0.0,0.0
5150.0,0.0,0.0,0.0,-2.2,0.7,0.0,-0.5,-1.57,0.0,0.0,0.4,0.0,0.0,-1.2,1.57,0.0,0.0
5160.0,0.0,0.0,0.0,-2.2,0.7,0.0,-0.5,-1.57,0.0,0.0,0.4,0.0,0.0,-1.2,1.57,0.0,0.0
5170.0,0.0,0.0,0.0,-2.2,0.7,0.0,-0.5,-1.57,0.0,0.0,0.4,0.0,0.0,-1.2,1.57,0.0,0.0
5180.0,0.0,0.0,0.0,-2.2,0.7,0.0,-0.5,-1.57,0.0,0.0,0.4,0.0,0.0,-1.2,1.57,0.0,0.0
5190.0,0.0,0.0,0.0,-2.2,0.7,0.0,-0.5,-1.57,0.0,0.0,0.4,0.0,0.0,-1.2,1.57,0.0,0.0
5200.0,0.0,0.0,0.0,-2.2,0.7,0.0,-0.5,-1.57,0.0,0.0,0.4,0.0,0.0,-1.2,1.57,0.0,0.0
5210.0,0.0,0.0,0.0,-2.2,0.7,0.0,-0.5,-1.57,0.0,0.0,0.4,0.0,0.0,-1.2,1.57,0.0,0.0
5220.0,0.0,0.0,0.0,-2.2,0.7,0.0,-0.5,-1.57,0.0,0.0,0.4,0.0,0.0,-1.2,1.57,0.0,0.0
5230.0,0.0,0.0,0.0,-2.2,0.7,0.0,-0.5,-1.57,0.0,0.0,0.4,0.0,0.0,-1.2,1.57,0.0,0.0
5240.0,0.0,0.0,0.0,-2.2,0.7,0.0,-0.5,-1.57,0.0,0.0,0.4,0.0,0.0,-1.2,1.57,0.0,0.0
5250.0,0.0,0.0,0.0,-2.2,0.7,0.0,-0.5,-1.57,0.0,0.0,0.4,0.0,0.0,-1.2,1.57,0.0,0.0
5260.0,0.0,0.0,0.0,-2.2,0.7,0.0,-0.5,-1.57,0.0,0.0,0.4,0.0,0.0,-1.2,1.57,0.0,0.0
5270.0,0.0,0.0,0.0,-2.2,0.7,0.0,-0.5,-1.57,0.0,0.0,0.4,0.0,0.0,-1.2,1.57,0.0,0.0
5280.0,0.0,0.0,0.0,-2.2,0.7,0.0,-0.5,-1.57,0.0,0.0,0.4,0.0,0.0,-1.2,1.57,0.0,0.0
5290.0,0.0,0.0,0.0,-2.2,0.7,0.0,-0.5,-1.57,0.0,0.0,0.4,0.0,0.0,-1.2,1.57,0.0,0.0
5300.0,0.0,0.0,0.0,-2.2,0.7,0.0,-0.5,-1.57,0.0,0.0,0.4,0.0,0.0,-1.2,1.57,0.0,0.0
5310.0,0.0,0.0,0.0,-2.2,0.7,0.0,-0.5,-1.57,0.0,0.0,0.4,0.0,0.0,-1.2,1.57,0.0,0.0
5320.0,0.0,0.0,0.0,-2.2,0.7,0.0,-0.5,-1.57,0.0,0.0,0.4,0.0,0.0,-1.2,1.57,0.0,0.0
5330.0,0.0,0.0,0.0,-2.2,0.7,0.0,-0.5,-1.57,0.0,0.0,0.4,0.0,0.0,-1.2,1.57,0.0,0.0
5340.0,0.0,0.0,0.0,-2.2,0.7,0.0,-0.5,-1.57,0.0,0.0,0.4,0.0,0.0,-1.2,1.57,0.0,0.0
5350.0,0.0,0.0,0.0,-2.2,0.7,0.0,-0.5,-1.57,0.0,0.0,0.4,0.0,0.0,-1.2,1.57,0.0,0.0
5360.0,0.0,0.0,0.0,-2.2,0.7,0.0,-0.5,-1.57,0.0,0.0,0.4,0.0,0.0,-1.2,1.57,0.0,0.0
5370.0,0.0,0.0,0.0,-2.2,0.7,0.0,-0.5,-1.57,0.0,0.0,0.4,0.0,0.0,-1.2,1.57,0.0,0.0
5380.0,0.0,0.0,0.0,-2.2,0.7,0.0,-0.5,-1.57,0.0,0.0,0.4,0.0,0.0,-1.2,1.57,0.0,0.0
5390.0,0.0,0.0,0.0,-2.2,0.7,0.0,-0.5,-1.57,0.0,0.0,0.4,0.0,0.0,-1.2,1.57,0.0,0.0
5400.0,0.0,0.0,0.0,-2.2,0.7,0.0,-0.5,-1.57,0.0,0.0,0.4,0.0,0.0,-1.2,1.57,0.0,0.0
5410.0,0.0,0.0,0.0,-2.2,0.7,0.0,-0.5,-1.57,0.0,0.0,0.4,0.0,0.0,-1.2,1.57,0.0,0.0
5420.0,0.0,0.0,0.0,-2.2,0.7,0.0,-0.5,-1.57,0.0,0.0,0.4,0.0,0.0,-1.2,1.57,0.0,0.0
5430.0,0.0,0.0,0.0,-2.2,0.7,0.0,-0.5,-1.57,0.0,0.0,0.4,0.0,0.0,-1.2,1.57,0.0,0.0
5440.0,0.0,0.0,0.0,-2.2,0.7,0.0,-0.5,-1.57,0.0,0.0,0.4,0.0,0.0,-1.2,1.57,0.0,0.0
5450.0,0.0,0.0,0.0,-2.2,0.7,0.0,-0.5,-1.57,0.0,0.0,0.4,0.0,0.0,-1.2,1.57,0.0,0.0
5460.0,0.0,0.0,0.0,-2.2,0.7,0.0,-0.5,-1.57,0.0,0.0,0.4,0.0,0.0,-1.2,1.57,0.0,0.0
5470.0,0.0,0.0,0.0,-2.2,0.7,0.0,-0.5,-1.57,0.0,0.0,0.4,0.0,0.0,-1.2,1.57,0.0,0.0
5480.0,0.0,0.0,0.0,-2.2,0.7,0.0,-0.5,-1.57,0.0,0.0,0.4,0.0,0.0,-1.2,1.57,0.0,0.0
5490.0,0.0,0.0,0.0,-2.2,0.7,0.0,-0.5,-1.57,0.0,0.0,0.4,0.0,0.0,-1.2,1.57,0.0,0.0
5500.0,0.0,0.0,0.0,-2.2,0.7,0.0,-0.5,-1.57,0.0,0.0,0.4,0.0,0.0,-1.2,1.57,0.0,0.0
5510.0,0.0,0.0,0.0,-2.2,0.7,0.0,-0.5,-1.57,0.0,0.0,0.4,0.0,0.0,-1.2,1.57,0.0,0.0
5520.0,0.0,0.0,0.0,-2.2,0.7,0.0,-0.5,-1.57,0.0,0.0,0.4,0.0,0.0,-1.2,1.57,0.0,0.0
5530.0,0.0,0.0,0.0,-2.2,0.7,0.0,-0.5,-1.57,0.0,0.0,0.4,0.0,0.0,-1.2,1.57,0.0,0.0
5540.0,0.0,0.0,0.0,-2.2,0.7,0.0,-0.5,-1.57,0.0,0.0,0.4,0.0,0.0,-1.2,1.57,0.0,0.0
5550.0,0.0,0.0,0.0,-2.2,0.7,0.0,-0.5,-1.57,0.0,0.0,0.4,0.0,0.0,-1.2,1.57,0.0,0.0
5560.0,0.0,0.0,0.0,-2.2,0.7,0.0,-0.5,-1.57,0.0,0.0,0.4,0.0,0.0,-1.2,1.57,0.0,0.0
5570.0,0.0,0.0,0.0,-2.2,0.7,0.0,-0.5,-1.57,0.0,0.0,0.4,0.0,0.0,-1.2,1.57,0.0,0.0
5580.0,0.0,0.0,0.0,-2.2,0.7,0.0,-0.5,-1.57,0.0,0.0,0.4,0.0,0.0,-1.2,1.57,0.0,0.0
5590.0,0.0,0.0,0.0,-2.2,0.7,0.0,-0.5,-1.57,0.0,0.0,0.4,0.0,0.0,-1.2,1.57,0.0,0.0
5600.0,0.0,0.0,0.0,-2.2,0.7,0.0,-0.5,-1.57,0.0,0.0,0.4,0.0,0.0,-1.2,1.57,0.0,0.0
5610.0,0.0,0.0,0.0,-2.2,0.7,0.0,-0.5,-1.57,0.0,0.0,0.4,0.0,0.0,-1.2,1.57,0.0,0.0
5620.0,0.0,0.0,0.0,-2.2,0.7,0.0,-0.5,-1.57,0.0,0.0,0.4,0.0,0.0,-1.2,1.57,0.0,0.0
5630.0,0.0,0.0,0.0,-2.2,0.7,0.0,-0.5,-1.57,0.0,0.0,0.4,0.0,0.0,-1.2,1.57,0.0,0.0
5640.0,0.0,0.0,0.0,-2.2,0.7,0.0,-0.5,-1.57,0.0,0.0,0.4,0.0,0.0,-1.2,1.57,0.0,0.0
5650.0,0.0,0.0,0.0,-2.2,0.7,0.0,-0.5,-1.57,0.0,0.0,0.4,0.0,0.0,-1.2,1.57,0.0,0.0
5660.0,0.0,0.0,0.0,-2.2,0.7,0.0,-0.5,-1.57,0.0,0.0,0.4,0.0,0.0,-1.2,1.57,0.0,0.0
5670.0,0.0,0.0,0.0,-2.2,0.7,0.0,-0.5,-1.57,0.0,0.0,0.4,0.0,0.0,-1.2,1.57,0.0,0.0
5680.0,0.0,0.0,0.0,-2.2,0.7,0.0,-0.5,-1.57,0.0,0.0,0.4,0.0,0.0,-1.2,1.57,0.0,0.0
5690.0,0.0,0.0,0.0,-2.2,0.7,0.0,-0.5,-1.57,0.0,0.0,0.4,0.0,0.0,-1.2,1.57,0.0,0.0
5700.0,0.0,0.0,0.0,-2.2,0.7,0.0,-0.5,-1.57,0.0,0.0,0.4,0.0,0.0,-1.2,1.57,0.0,0.0
5710.0,0.0,0.0,0.0,-2.2,0.7,0.0,-0.5,-1.57,0.0,0.0,0.4,0.0,0.0,-1.2,1.57,0.0,0.0
5720.0,0.0,0.0,0.0,-2.2,0.7,0.0,-0.5,-1.57,0.0,0.0,0.4,0.0,0.0,-1.2,1.57,0.0,0.0
5730.0,0.0,0.0,0.0,-2.2,0.7,0.0,-0.5,-1.57,0.0,0.0,0.4,0.0,0.0,-1.2,1.57,0.0,0.0
5740.0,0.0,0.0,0.0,-2.2,0.7,0.0,-0.5,-1.57,0.0,0.0,0.4,0.0,0.0,-1.2,1.57,0.0,0.0
5750.0,0.0,0.0,0.0,-2.2,0.7,0.0,-0.5,-1.57,0.0,0.0,0.4,0.0,0.0,-1.2,1.57,0.0,0.0
5760.0,0.0,0.0,0.0,-2.2,0.7,0.0,-0.5,-1.57,0.0,0.0,0.4,0.0,0.0,-1.2,1.57,0.0,0.0
5770.0,0.0,0.0,0.0,-2.2,0.7,0.0,-0.5,-1.57,0.0,0.0,0.4,0.0,0.0,-1.2,1.57,0.0,0.0
5780.0,0.0,0.0,0.0,-2.2,0.7,0.0,-0.5,-1.57,0.0,0.0,0.4,0.0,0.0,-1.2,1.57,0.0,0.0
5790.0,0.0,0.0,0.0,-2.2,0.7,0.0,-0.5,-1.57,0.0,0.0,0.4,0.0,0.0,-1.2,1.57,0.0,0.0
5800.0,0.0,0.0,0.0,-2.2,0.7,0.0,-0.5,-1.57,0.0,0.0,0.4,0.0,0.0,-1.2,1.57,0.0,0.0
5810.0,0.0,0.0,0.0,-2.2,0.7,0.0,-0.5,-1.57,0.0,0.0,0.4,0.0,0.0,-1.2,1.57,0.0,0.0
5820.0,0.0,0.0,0.0,-2.2,0.7,0.0,-0.5,-1.57,0.0,0.0,0.4,0.0,0.0,-1.2,1.57,0.0,0.0
5830.0,0.0,0.0,0.0,-2.2,0.7,0.0,-0.5,-1.57,0.0,0.0,0.4,0.0,0.0,-1.2,1.57,0.0,0.0
5840.0,0.0,0.0,0.0,-2.2,0.7,0.0,-0.5,-1.57,0.0,0.0,0.4,0.0,0.0,-1.2,1.57,0.0,0.0
5850.0,0.0,0.0,0.0,-2.2,0.7,0.0,-0.5,-1.57,0.0,0.0,0.4,0.0,0.0,-1.2,1.57,0.0,0.0
5860.0,0.0,0.0,0.0,-2.2,0.7,0.0,-0.5,-1.57,0.0,0.0,0.4,0.0,0.0,-1.2,1.57,0.0,0.0
5870.0,0.0,0.0,0.0,-2.2,0.7,0.0,-0.5,-1.57,0.0,0.0,0.4,0.0,0.0,-1.2,1.57,0.0,0.0
5880.0,0.0,0.0,0.0,-2.2,0.7,0.0,-0.5,-1.57,0.0,0.0,0.4,0.0,0.0,-1.2,1.57,0.0,0.0
5890.0,0.0,0.0,0.0,-2.2,0.7,0.0,-0.5,-1.57,0.0,0.0,0.4,0.0,0.0,-1.2,1.57,0.0,0.0
5900.0,0.0,0.0,0.0,-2.2,0.7,0.0,-0.5,-1.57,0.0,0.0,0.4,0.0,0.0,-1.2,1.57,0.0,0.0
5910.0,0.0,0.0,0.0,-2.2,0.7,0.0,-0.5,-1.57,0.0,0.0,0.4,0.0,0.0,-1.2,1.57,0.0,0.0
5920.0,0.0,0.0,0.0,-2.2,0.7,0.0,-0.5,-1.57,0.0,0.0,0.4,0.0,0.0,-1.2,1.57,0.0,0.0
5930.0,0.0,0.0,0.0,-2.2,0.7,0.0,-0.5,-1.57,0.0,0.0,0.4,0.0,0.0,-1.2,1.57,0.0,0.0
5940.0,0.0,0.0,0.0,-2.2,0.7,0.0,-0.5,-1.57,0.0,0.0,0.4,0.0,0.0,-1.2,1.57,0.0,0.0
5950.0,0.0,0.0,0.0,-2.2,0.7,0.0,-0.5,-1.57,0.0,0.0,0.4,0.0,0.0,-1.2,1.57,0.0,0.0
5960.0,0.0,0.0,0.0,-2.2,0.7,0.0,-0.5,-1.57,0.0,0.0,0.4,0.0,0.0,-1.2,1.57,0.0,0.0
5970.0,0.0,0.0,0.0,-2.2,0.7,0.0,-0.5,-1.57,0.0,0.0,0.4,0.0,0.0,-1.2,1.57,0.0,0.0
5980.0,0.0,0.0,0.0,-2.2,0.7,0.0,-0.5,-1.57,0.0,0.0,0.4,0.0,0.0,-1.2,1.57,0.0,0.0
5990.0,0.0,0.0,0.0,-2.2,0.7,0.0,-0.5,-1.57,0.0,0.0,0.4,0.0,0.0,-1.2,1.57,0.0,0.0
6000.0,0.0,0.0,0.0,-2.2,0.7,0.0,-0.5,-1.57,0.0,0.0,0.4,0.0,0.0,-1.2,1.57,0.0,0.0
6010.0,0.0,0.0,0.0,-2.1870000000000003,0.6965,0.0,-0.5035,-1.57,0.0,0.0,0.4,0.0,0.0,-1.2,1.57,0.0,0.0
6020.0,0.0,0.0,0.0,-2.1740000000000004,0.693,0.0,-0.507,-1.57,0.0,0.0,0.4,0.0,0.0,-1.2,1.57,0.0,0.0
6030.0,0.0,0.0,0.0,-2.161,0.6895,0.0,-0.5105,-1.57,0.0,0.0,0.4,0.0,0.0,-1.2,1.57,0.0,0.0
6040.0,0.0,0.0,0.0,-2.148,0.6859999999999999,0.0,-0.514,-1.57,0.0,0.0,0.4,0.0,0.0,-1.2,1.57,0.0,0.0
6050.0,0.0,0.0,0.0,-2.1350000000000002,0.6825,0.0,-0.5175,-1.57,0.0,0.0,0.4,0.0,0.0,-1.2,1.57,0.0,0.0
6060.0,0.0,0.0,0.0,-2.1220000000000003,0.6789999999999999,0.0,-0.521,-1.57,0.0,0.0,0.4,0.0,0.0,-1.2,1.57,0.0,0.0
6070.0,0.0,0.0,0.0,-2.109,0.6755,0.0,-0.5245,-1.57,0.0,0.0,0.4,0.0,0.0,-1.2,1.57,0.0,0.0
6080.0,0.0,0.0,0.0,-2.096,0.6719999999999999,0.0,-0.528,-1.57,0.0,0.0,0.4,0.0,0.0,-1.2,1.57,0.0,0.0
6090.0,0.0,0.0,0.0,-2.083,0.6685,0.0,-0.5315,-1.57,0.0,0.0,0.4,0.0,0.0,-1.2,1.57,0.0,0.0
6100.0,0.0,0.0,0.0,-2.0700000000000003,0.6649999999999999,0.0,-0.535,-1.57,0.0,0.0,0.4,0.0,0.0,-1.2,1.57,0.0,0.0
6110.0,0.0,0.0,0.0,-2.0570000000000004,0.6615,0.0,-0.5385,-1.57,0.0,0.0,0.4,0.0,0.0,-1.2,1.57,0.0,0.0
6120.0,0.0,0.0,0.0,-2.044,0.6579999999999999,0.0,-0.542,-1.57,0.0,0.0,0.4,0.0,0.0,-1.2,1.57,0.0,0.0
6130.0,0.0,0.0,0.0,-2.031,0.6545,0.0,-0.5455,-1.57,0.0,0.0,0.4,0.0,0.0,-1.2,1.57,0.0,0.0
6140.0,0.0,0.0,0.0,-2.0180000000000002,0.6509999999999999,0.0,-0.549,-1.57,0.0,0.0,0.4,0.0,0.0,-1.2,1.57,0.0,0.0
6150.0,0.0,0.0,0.0,-2.0050000000000003,0.6475,0.0,-0.5525,-1.57,0.0,0.0,0.4,0.0,0.0,-1.2,1.57,0.0,0.0
6160.0,0.0,0.0,0.0,-1.9920000000000002,0.6439999999999999,0.0,-0.556,-1.57,0.0,0.0,0.4,0.0,0.0,-1.2,1.57,0.0,0.0
6170.0,0.0,0.0,0.0,-1.979,0.6405,0.0,-0.5595,-1.57,0.0,0.0,0.4,0.0,0.0,-1.2,1.57,0.0,0.0
6180.0,0.0,0.0,0.0,-1.9660000000000002,0.637,0.0,-0.563,-1.57,0.0,0.0,0.4,0.0,0.0,-1.2,1.57,0.0,0.0
6190.0,0.0,0.0,0.0,-1.9530000000000003,0.6335,0.0,-0.5665,-1.57,0.0,0.0,0.4,0.0,0.0,-1.2,1.57,0.0,0.0
6200.0,0.0,0.0,0.0,-1.9400000000000002,0.63,0.0,-0.57,-1.57,0.0,0.0,0.4,0.0,0.0,-1.2,1.57,0.0,0.0
6210.0,0.0,0.0,0.0,-1.9270000000000003,0.6265,0.0,-0.5735,-1.57,0.0,0.0,0.4,0.0,0.0,-1.2,1.57,0.0,0.0
6220.0,0.0,0.0,0.0,-1.9140000000000001,0.623,0.0,-0.577,-1.57,0.0,0.0,0.4,0.0,0.0,-1.2,1.57,0.0,0.0
6230.0,0.0,0.0,0.0,-1.9010000000000002,0.6194999999999999,0.0,-0.5805,-1.57,0.0,0.0,0.4,0.0,0.0,-1.2,1.57,0.0,0.0
6240.0,0.0,0.0,0.0,-1.8880000000000001,0.616,0.0,-0.584,-1.57,0.0,0.0,0.4,0.0,0.0,-1.2,1.57,0.0,0.0
6250.0,0.0,0.0,0.0,-1.8750000000000002,0.6124999999999999,0.0,-0.5875,-1.57,0.0,0.0,0.4,0.0,0.0,-1.2,1.57,0.0,0.0
6260.0,0.0,0.0,0.0,-1.862,0.609,0.0,-0.591,-1.57,0.0,0.0,0.4,0.0,0.0,-1.2,1.57,0.0,0.0
6270.0,0.0,0.0,0.0,-1.8490000000000002,0.6054999999999999,0.0,-0.5945,-1.57,0.0,0.0,0.4,0.0,0.0,-1.2,1.57,0.0,0.0
6280.0,0.0,0.0,0.0,-1.8360000000000003,0.602,0.0,-0.598,-1.57,0.0,0.0,0.4,0.0,0.0,-1.2,1.57,0.0,0.0
6290.0,0.0,0.0,0.0,-1.8230000000000002,0.5984999999999999,0.0,-0.6015,-1.57,0.0,0.0,0.4,0.0,0.0,-1.2,1.57,0.0,0.0
6300.0,0.0,0.0,0.0,-1.8100000000000003,0.595,0.0,-0.605,-1.57,0.0,0.0,0.4,0.0,0.0,-1.2,1.57,0.0,0.0
6310.0,0.0,0.0,0.0,-1.7970000000000002,0.5914999999999999,0.0,-0.6085,-1.57,0.0,0.0,0.4,0.0,0.0,-1.2,1.57,0.0,0.0
6320.0,0.0,0.0,0.0,-1.7840000000000003,0.588,0.0,-0.612,-1.57,0.0,0.0,0.4,0.0,0.0,-1.2,1.57,0.0,0.0
6330.0,0.0,0.0,0.0,-1.7710000000000001,0.5844999999999999,0.0,-0.6155,-1.57,0.0,0.0,0.4,0.0,0.0,-1.2,1.57,0.0,0.0
6340.0,0.0,0.0,0.0,-1.7580000000000002,0.581,0.0,-0.619,-1.57,0.0,0.0,0.4,0.0,0.0,-1.2,1.57,0.0,0.0
6350.0,0.0,0.0,0.0,-1.745,0.5774999999999999,0.0,-0.6225,-1.57,0.0,0.0,0.4,0.0,0.0,-1.2,1.57,0.0,0.0
6360.0,0.0,0.0,0.0,-1.7320000000000002,0.574,0.0,-0.626,-1.57,0.0,0.0,0.4,0.0,0.0,-1.2,1.57,0.0,0.0
6370.0,0.0,0.0,0.0,-1.7190000000000003,0.5705,0.0,-0.6295,-1.57,0.0,0.0,0.4,0.0,0.0,-1.2,1.57,0.0,0.0
6380.0,0.0,0.0,0.0,-1.7060000000000002,0.567,0.0,-0.633,-1.57,0.0,0.0,0.4,0.0,0.0,-1.2,1.57,0.0,0.0
6390.0,0.0,0.0,0.0,-1.693,0.5634999999999999,0.0,-0.6365000000000001,-1.57,0.0,0.0,0.4,0.0,0.0,-1.2,1.57,0.0,0.0
6400.0,0.0,0.0,0.0,-1.6800000000000002,0.5599999999999999,0.0,-0.64,-1.57,0.0,0.0,0.4,0.0,0.0,-1.2,1.57,0.0,0.0
6410.0,0.0,0.0,0.0,-1.6670000000000003,0.5565,0.0,-0.6435,-1.57,0.0,0.0,0.4,0.0,0.0,-1.2,1.57,0.0,0.0
6420.0,0.0,0.0,0.0,-1.6540000000000004,0.5529999999999999,0.0,-0.647,-1.57,0.0,0.0,0.4,0.0,0.0,-1.2,1.57,0.0,0.0
6430.0,0.0,0.0,0.0,-1.6410000000000002,0.5495,0.0,-0.6505,-1.57,0.0,0.0,0.4,0.0,0.0,-1.2,1.57,0.0,0.0
6440.0,0.0,0.0,0.0,-1.6280000000000001,0.5459999999999999,0.0,-0.654,-1.57,0.0,0.0,0.4,0.0,0.0,-1.2,1.57,0.0,0.0
6450.0,0.0,0.0,0.0,-1.6150000000000002,0.5425,0.0,-0.6575,-1.57,0.0,0.0,0.4,0.0,0.0,-1.2,1.57,0.0,0.0
6460.0,0.0,0.0,0.0,-1.6020000000000003,0.5389999999999999,0.0,-0.661,-1.57,0.0,0.0,0.4,0.0,0.0,-1.2,1.57,0.0,0.0
6470.0,0.0,0.0,0.0,-1.5890000000000002,0.5355,0.0,-0.6645,-1.57,0.0,0.0,0.4,0.0,0.0,-1.2,1.57,0.0,0.0
6480.0,0.0,0.0,0.0,-1.576,0.5319999999999999,0.0,-0.668,-1.57,0.0,0.0,0.4,0.0,0.0,-1.2,1.57,0.0,0.0
6490.0,0.0,0.0,0.0,-1.5630000000000002,0.5285,0.0,-0.6715,-1.57,0.0,0.0,0.4,0.0,0.0,-1.2,1.57,0.0,0.0
6500.0,0.0,0.0,0.0,-1.5500000000000003,0.5249999999999999,0.0,-0.675,-1.57,0.0,0.0,0.4,0.0,0.0,-1.2,1.57,0.0,0.0
6510.0,0.0,0.0,0.0,-1.5370000000000004,0.5215,0.0,-0.6785,-1.57,0.0,0.0,0.4,0.0,0.0,-1.2,1.57,0.0,0.0
6520.0,0.0,0.0,0.0,-1.5240000000000002,0.518,0.0,-0.6819999999999999,-1.57,0.0,0.0,0.4,0.0,0.0,-1.2,1.57,0.0,0.0
6530.0,0.0,0.0,0.0,-1.5110000000000001,0.5145,0.0,-0.6855,-1.57,0.0,0.0,0.4,0.0,0.0,-1.2,1.57,0.0,0.0
6540.0,0.0,0.0,0.0,-1.4980000000000002,0.5109999999999999,0.0,-0.6890000000000001,-1.57,0.0,0.0,0.4,0.0,0.0,-1.2,1.57,0.0,0.0
6550.0,0.0,0.0,0.0,-1.4850000000000003,0.5075,0.0,-0.6925,-1.57,0.0,0.0,0.4,0.0,0.0,-1.2,1.57,0.0,0.0
6560.0,0.0,0.0,0.0,-1.4720000000000002,0.504,0.0,-0.696,-1.57,0.0,0.0,0.4,0.0,0.0,-1.2,1.57,0.0,0.0
6570.0,0.0,0.0,0.0,-1.459,0.5005,0.0,-0.6995,-1.57,0.0,0.0,0.4,0.0,0.0,-1.2,1.57,0.0,0.0
6580.0,0.0,0.0,0.0,-1.4460000000000002,0.497,0.0,-0.703,-1.57,0.0,0.0,0.4,0.0,0.0,-1.2,1.57,0.0,0.0
6590.0,0.0,0.0,0.0,-1.4330000000000003,0.49349999999999994,0.0,-0.7065,-1.57,0.0,0.0,0.4,0.0,0.0,-1.2,1.57,0.0,0.0
6600.0,0.0,0.0,0.0,-1.4200000000000004,0.49,0.0,-0.71,-1.57,0.0,0.0,0.4,0.0,0.0,-1.2,1.57,0.0,0.0
6610.0,0.0,0.0,0.0,-1.4070000000000003,0.48649999999999993,0.0,-0.7135,-1.57,0.0,0.0,0.4,0.0,0.0,-1.2,1.57,0.0,0.0
6620.0,0.0,0.0,0.0,-1.3940000000000001,0.483,0.0,-0.717,-1.57,0.0,0.0,0.4,0.0,0.0,-1.2,1.57,0.0,0.0
6630.0,0.0,0.0,0.0,-1.3810000000000002,0.4794999999999999,0.0,-0.7205,-1.57,0.0,0.0,0.4,0.0,0.0,-1.2,1.57,0.0,0.0
6640.0,0.0,0.0,0.0,-1.3680000000000003,0.476,0.0,-0.724,-1.57,0.0,0.0,0.4,0.0,0.0,-1.2,1.57,0.0,0.0
6650.0,0.0,0.0,0.0,-1.3550000000000002,0.4724999999999999,0.0,-0.7275,-1.57,0.0,0.0,0.4,0.0,0.0,-1.2,1.57,0.0,0.0
6660.0,0.0,0.0,0.0,-1.342,0.469,0.0,-0.731,-1.57,0.0,0.0,0.4,0.0,0.0,-1.2,1.57,0.0,0.0
6670.0,0.0,0.0,0.0,-1.3290000000000002,0.46549999999999997,0.0,-0.7344999999999999,-1.57,0.0,0.0,0.4,0.0,0.0,-1.2,1.57,0.0,0.0
6680.0,0.0,0.0,0.0,-1.3160000000000003,0.46199999999999997,0.0,-0.738,-1.57,0.0,0.0,0.4,0.0,0.0,-1.2,1.57,0.0,0.0
6690.0,0.0,0.0,0.0,-1.3030000000000004,0.45849999999999996,0.0,-0.7415,-1.57,0.0,0.0,0.4,0.0,0.0,-1.2,1.57,0.0,0.0
6700.0,0.0,0.0,0.0,-1.2900000000000003,0.45499999999999996,0.0,-0.745,-1.57,0.0,0.0,0.4,0.0,0.0,-1.2,1.57,0.0,0.0
6710.0,0.0,0.0,0.0,-1.2770000000000001,0.45149999999999996,0.0,-0.7484999999999999,-1.57,0.0,0.0,0.4,0.0,0.0,-1.2,1.57,0.0,0.0
6720.0,0.0,0.0,0.0,-1.2640000000000002,0.44799999999999995,0.0,-0.752,-1.57,0.0,0.0,0.4,0.0,0.0,-1.2,1.57,0.0,0.0
6730.0,0.0,0.0,0.0,-1.2510000000000003,0.44449999999999995,0.0,-0.7555000000000001,-1.57,0.0,0.0,0.4,0.0,0.0,-1.2,1.57,0.0,0.0
6740.0,0.0,0.0,0.0,-1.2380000000000002,0.44099999999999995,0.0,-0.759,-1.57,0.0,0.0,0.4,0.0,0.0,-1.2,1.57,0.0,0.0
6750.0,0.0,0.0,0.0,-1.225,0.43749999999999994,0.0,-0.7625,-1.57,0.0,0.0,0.4,0.0,0.0,-1.2,1.57,0.0,0.0
6760.0,0.0,0.0,0.0,-1.2120000000000002,0.43399999999999994,0.0,-0.766,-1.57,0.0,0.0,0.4,0.0,0.0,-1.2,1.57,0.0,0.0
6770.0,0.0,0.0,0.0,-1.1990000000000003,0.43049999999999994,0.0,-0.7695000000000001,-1.57,0.0,0.0,0.4,0.0,0.0,-1.2,1.57,0.0,0.0
6780.0,0.0,0.0,0.0,-1.1860000000000002,0.42699999999999994,0.0,-0.773,-1.57,0.0,0.0,0.4,0.0,0.0,-1.2,1.57,0.0,0.0
6790.0,0.0,0.0,0.0,-1.1730000000000003,0.42349999999999993,0.0,-0.7765,-1.57,0.0,0.0,0.4,0.0,0.0,-1.2,1.57,0.0,0.0
6800.0,0.0,0.0,0.0,-1.1600000000000001,0.42,0.0,-0.78,-1.57,0.0,0.0,0.4,0.0,0.0,-1.2,1.57,0.0,0.0
6810.0,0.0,0.0,0.0,-1.1470000000000002,0.4165,0.0,-0.7835,-1.57,0.0,0.0,0.4,0.0,0.0,-1.2,1.57,0.0,0.0
6820.0,0.0,0.0,0.0,-1.1340000000000001,0.413,0.0,-0.7869999999999999,-1.57,0.0,0.0,0.4,0.0,0.0,-1.2,1.57,0.0,0.0
6830.0,0.0,0.0,0.0,-1.1210000000000002,0.4095,0.0,-0.7905,-1.57,0.0,0.0,0.4,0.0,0.0,-1.2,1.57,0.0,0.0
6840.0,0.0,0.0,0.0,-1.1080000000000003,0.40599999999999997,0.0,-0.794,-1.57,0.0,0.0,0.4,0.0,0.0,-1.2,1.57,0.0,0.0
6850.0,0.0,0.0,0.0,-1.0950000000000002,0.40249999999999997,0.0,-0.7975,-1.57,0.0,0.0,0.4,0.0,0.0,-1.2,1.57,0.0,0.0
6860.0,0.0,0.0,0.0,-1.0820000000000003,0.39899999999999997,0.0,-0.8009999999999999,-1.57,0.0,0.0,0.4,0.0,0.0,-1.2,1.57,0.0,0.0
6870.0,0.0,0.0,0.0,-1.0690000000000002,0.39549999999999996,0.0,-0.8045,-1.57,0.0,0.0,0.4,0.0,0.0,-1.2,1.57,0.0,0.0
6880.0,0.0,0.0,0.0,-1.0560000000000003,0.39199999999999996,0.0,-0.808,-1.57,0.0,0.0,0.4,0.0,0.0,-1.2,1.57,0.0,0.0
6890.0,0.0,0.0,0.0,-1.0430000000000001,0.38849999999999996,0.0,-0.8115,-1.57,0.0,0.0,0.4,0.0,0.0,-1.2,1.57,0.0,0.0
6900.0,0.0,0.0,0.0,-1.0300000000000002,0.38499999999999995,0.0,-0.815,-1.57,0.0,0.0,0.4,0.0,0.0,-1.2,1.57,0.0,0.0
6910.0,0.0,0.0,0.0,-1.0170000000000001,0.38149999999999995,0.0,-0.8185,-1.57,0.0,0.0,0.4,0.0,0.0,-1.2,1.57,0.0,0.0
6920.0,0.0,0.0,0.0,-1.0040000000000002,0.37799999999999995,0.0,-0.8220000000000001,-1.57,0.0,0.0,0.4,0.0,0.0,-1.2,1.57,0.0,0.0
6930.0,0.0,0.0,0.0,-0.9910000000000003,0.37449999999999994,0.0,-0.8255,-1.57,0.0,0.0,0.4,0.0,0.0,-1.2,1.57,0.0,0.0
6940.0,0.0,0.0,0.0,-0.9780000000000002,0.37099999999999994,0.0,-0.829,-1.57,0.0,0.0,0.4,0.0,0.0,-1.2,1.57,0.0,0.0
6950.0,0.0,0.0,0.0,-0.9650000000000003,0.36749999999999994,0.0,-0.8325,-1.57,0.0,0.0,0.4,0.0,0.0,-1.2,1.57,0.0,0.0
6960.0,0.0,0.0,0.0,-0.9520000000000002,0.36399999999999993,0.0,-0.8360000000000001,-1.57,0.0,0.0,0.4,0.0,0.0,-1.2,1.57,0.0,0.0
6970.0,0.0,0.0,0.0,-0.9390000000000003,0.36049999999999993,0.0,-0.8395,-1.57,0.0,0.0,0.4,0.0,0.0,-1.2,1.57,0.0,0.0
6980.0,0.0,0.0,0.0,-0.9260000000000002,0.357,0.0,-0.843,-1.57,0.0,0.0,0.4,0.0,0.0,-1.2,1.57,0.0,0.0
6990.0,0.0,0.0,0.0,-0.9130000000000003,0.3535,0.0,-0.8465,-1.57,0.0,0.0,0.4,0.0,0.0,-1.2,1.57,0.0,0.0
7000.0,0.0,0.0,0.0,-0.9000000000000001,0.35,0.0,-0.85,-1.57,0.0,0.0,0.4,0.0,0.0,-1.2,1.57,0.0,0.0
7010.0,0.0,0.0,0.0,-0.8870000000000002,0.3465,0.0,-0.8534999999999999,-1.57,0.0,0.0,0.4,0.0,0.0,-1.2,1.57,0.0,0.0
7020.0,0.0,0.0,0.0,-0.8740000000000003,0.34299999999999997,0.0,-0.857,-1.57,0.0,0.0,0.4,0.0,0.0,-1.2,1.57,0.0,0.0
7030.0,0.0,0.0,0.0,-0.8610000000000002,0.33949999999999997,0.0,-0.8605,-1.57,0.0,0.0,0.4,0.0,0.0,-1.2,1.57,0.0,0.0
7040.0,0.0,0.0,0.0,-0.8480000000000003,0.33599999999999997,0.0,-0.864,-1.57,0.0,0.0,0.4,0.0,0.0,-1.2,1.57,0.0,0.0
7050.0,0.0,0.0,0.0,-0.8350000000000002,0.33249999999999996,0.0,-0.8674999999999999,-1.57,0.0,0.0,0.4,0.0,0.0,-1.2,1.57,0.0,0.0
7060.0,0.0,0.0,0.0,-0.8220000000000003,0.32899999999999996,0.0,-0.871,-1.57,0.0,0.0,0.4,0.0,0.0,-1.2,1.57,0.0,0.0
7070.0,0.0,0.0,0.0,-0.8090000000000002,0.32549999999999996,0.0,-0.8745,-1.57,0.0,0.0,0.4,0.0,0.0,-1.2,1.57,0.0,0.0
7080.0,0.0,0.0,0.0,-0.7960000000000003,0.32199999999999995,0.0,-0.878,-1.57,0.0,0.0,0.4,0.0,0.0,-1.2,1.57,0.0,0.0
7090.0,0.0,0.0,0.0,-0.7830000000000001,0.31849999999999995,0.0,-0.8815,-1.57,0.0,0.0,0.4,0.0,0.0,-1.2,1.57,0.0,0.0
7100.0,0.0,0.0,0.0,-0.7700000000000002,0.31499999999999995,0.0,-0.885,-1.57,0.0,0.0,0.4,0.0,0.0,-1.2,1.57,0.0,0.0
7110.0,0.0,0.0,0.0,-0.7570000000000003,0.31149999999999994,0.0,-0.8885000000000001,-1.57,0.0,0.0,0.4,0.0,0.0,-1.2,1.57,0.0,0.0
7120.0,0.0,0.0,0.0,-0.7440000000000002,0.30799999999999994,0.0,-0.892,-1.57,0.0,0.0,0.4,0.0,0.0,-1.2,1.57,0.0,0.0
7130.0,0.0,0.0,0.0,-0.7310000000000003,0.30449999999999994,0.0,-0.8955,-1.57,0.0,0.0,0.4,0.0,0.0,-1.2,1.57,0.0,0.0
7140.0,0.0,0.0,0.0,-0.7180000000000002,0.30099999999999993,0.0,-0.899,-1.57,0.0,0.0,0.4,0.0,0.0,-1.2,1.57,0.0,0.0
7150.0,0.0,0.0,0.0,-0.7050000000000003,0.2975,0.0,-0.9025,-1.57,0.0,0.0,0.4,0.0,0.0,-1.2,1.57,0.0,0.0
7160.0,0.0,0.0,0.0,-0.6920000000000002,0.294,0.0,-0.9059999999999999,-1.57,0.0,0.0,0.4,0.0,0.0,-1.2,1.57,0.0,0.0
7170.0,0.0,0.0,0.0,-0.6790000000000003,0.2905,0.0,-0.9095,-1.57,0.0,0.0,0.4,0.0,0.0,-1.2,1.57,0.0,0.0
7180.0,0.0,0.0,0.0,-0.6660000000000001,0.287,0.0,-0.913,-1.57,0.0,0.0,0.4,0.0,0.0,-1.2,1.57,0.0,0.0
7190.0,0.0,0.0,0.0,-0.6530000000000002,0.2835,0.0,-0.9165,-1.57,0.0,0.0,0.4,0.0,0.0,-1.2,1.57,0.0,0.0
7200.0,0.0,0.0,0.0,-0.6400000000000003,0.27999999999999997,0.0,-0.9199999999999999,-1.57,0.0,0.0,0.4,0.0,0.0,-1.2,1.57,0.0,0.0
7210.0,0.0,0.0,0.0,-0.6270000000000002,0.27649999999999997,0.0,-0.9235,-1.57,0.0,0.0,0.4,0.0,0.0,-1.2,1.57,0.0,0.0
7220.0,0.0,0.0,0.0,-0.6140000000000003,0.27299999999999996,0.0,-0.927,-1.57,0.0,0.0,0.4,0.0,0.0,-1.2,1.57,0.0,0.0
7230.0,0.0,0.0,0.0,-0.6010000000000002,0.26949999999999996,0.0,-0.9305,-1.57,0.0,0.0,0.4,0.0,0.0,-1.2,1.57,0.0,0.0
7240.0,0.0,0.0,0.0,-0.5880000000000003,0.26599999999999996,0.0,-0.9339999999999999,-1.57,0.0,0.0,0.4,0.0,0.0,-1.2,1.57,0.0,0.0
7250.0,0.0,0.0,0.0,-0.5750000000000002,0.26249999999999996,0.0,-0.9375,-1.57,0.0,0.0,0.4,0.0,0.0,-1.2,1.57,0.0,0.0
7260.0,0.0,0.0,0.0,-0.5620000000000003,0.25899999999999995,0.0,-0.9410000000000001,-1.57,0.0,0.0,0.4,0.0,0.0,-1.2,1.57,0.0,0.0
7270.0,0.0,0.0,0.0,-0.5490000000000002,0.25549999999999995,0.0,-0.9445,-1.57,0.0,0.0,0.4,0.0,0.0,-1.2,1.57,0.0,0.0
7280.0,0.0,0.0,0.0,-0.5360000000000003,0.25199999999999995,0.0,-0.948,-1.57,0.0,0.0,0.4,0.0,0.0,-1.2,1.57,0.0,0.0
7290.0,0.0,0.0,0.0,-0.5230000000000004,0.24849999999999994,0.0,-0.9515,-1.57,0.0,0.0,0.4,0.0,0.0,-1.2,1.57,0.0,0.0
7300.0,0.0,0.0,0.0,-0.5100000000000002,0.24499999999999994,0.0,-0.9550000000000001,-1.57,0.0,0.0,0.4,0.0,0.0,-1.2,1.57,0.0,0.0
7310.0,0.0,0.0,0.0,-0.49700000000000033,0.24149999999999994,0.0,-0.9585,-1.57,0.0,0.0,0.4,0.0,0.0,-1.2,1.57,0.0,0.0
7320.0,0.0,0.0,0.0,-0.4840000000000002,0.23799999999999993,0.0,-0.962,-1.57,0.0,0.0,0.4,0.0,0.0,-1.2,1.57,0.0,0.0
7330.0,0.0,0.0,0.0,-0.4710000000000003,0.2345,0.0,-0.9655,-1.57,0.0,0.0,0.4,0.0,0.0,-1.2,1.57,0.0,0.0
7340.0,0.0,0.0,0.0,-0.4580000000000002,0.23099999999999998,0.0,-0.969,-1.57,0.0,0.0,0.4,0.0,0.0,-1.2,1.57,0.0,0.0
7350.0,0.0,0.0,0.0,-0.4450000000000003,0.22749999999999998,0.0,-0.9724999999999999,-1.57,0.0,0.0,0.4,0.0,0.0,-1.2,1.57,0.0,0.0
7360.0,0.0,0.0,0.0,-0.43200000000000016,0.22399999999999998,0.0,-0.976,-1.57,0.0,0.0,0.4,0.0,0.0,-1.2,1.57,0.0,0.0
7370.0,0.0,0.0,0.0,-0.41900000000000026,0.22049999999999997,0.0,-0.9795,-1.57,0.0,0.0,0.4,0.0,0.0,-1.2,1.57,0.0,0.0
7380.0,0.0,0.0,0.0,-0.40600000000000036,0.21699999999999997,0.0,-0.983,-1.57,0.0,0.0,0.4,0.0,0.0,-1.2,1.57,0.0,0.0
7390.0,0.0,0.0,0.0,-0.39300000000000024,0.21349999999999997,0.0,-0.9864999999999999,-1.57,0.0,0.0,0.4,0.0,0.0,-1.2,1.57,0.0,0.0
7400.0,0.0,0.0,0.0,-0.38000000000000034,0.20999999999999996,0.0,-0.99,-1.57,0.0,0.0,0.4,0.0,0.0,-1.2,1.57,0.0,0.0
7410.0,0.0,0.0,0.0,-0.3670000000000002,0.20649999999999996,0.0,-0.9935,-1.57,0.0,0.0,0.4,0.0,0.0,-1.2,1.57,0.0,0.0
7420.0,0.0,0.0,0.0,-0.3540000000000003,0.20299999999999996,0.0,-0.997,-1.57,0.0,0.0,0.4,0.0,0.0,-1.2,1.57,0.0,0.0
7430.0,0.0,0.0,0.0,-0.3410000000000002,0.1995,0.0,-1.0005,-1.57,0.0,0.0,0.4,0.0,0.0,-1.2,1.57,0.0,0.0
7440.0,0.0,0.0,0.0,-0.3280000000000003,0.19599999999999995,0.0,-1.004,-1.57,0.0,0.0,0.4,0.0,0.0,-1.2,1.57,0.0,0.0
7450.0,0.0,0.0,0.0,-0.31500000000000017,0.1925,0.0,-1.0074999999999998,-1.57,0.0,0.0,0.4,0.0,0.0,-1.2,1.57,0.0,0.0
7460.0,0.0,0.0,0.0,-0.30200000000000027,0.18899999999999995,0.0,-1.0110000000000001,-1.57,0.0,0.0,0.4,0.0,0.0,-1.2,1.57,0.0,0.0
7470.0,0.0,0.0,0.0,-0.28900000000000037,0.1855,0.0,-1.0145,-1.57,0.0,0.0,0.4,0.0,0.0,-1.2,1.57,0.0,0.0
7480.0,0.0,0.0,0.0,-0.27600000000000025,0.18199999999999994,0.0,-1.018,-1.57,0.0,0.0,0.4,0.0,0.0,-1.2,1.57,0.0,0.0
7490.0,0.0,0.0,0.0,-0.26300000000000034,0.1785,0.0,-1.0215,-1.57,0.0,0.0,0.4,0.0,0.0,-1.2,1.57,0.0,0.0
7500.0,0.0,0.0,0.0,-0.2500000000000002,0.17499999999999993,0.0,-1.025,-1.57,0.0,0.0,0.4,0.0,0.0,-1.2,1.57,0.0,0.0
7510.0,0.0,0.0,0.0,-0.23700000000000032,0.17149999999999999,0.0,-1.0285,-1.57,0.0,0.0,0.4,0.0,0.0,-1.2,1.57,0.0,0.0
7520.0,0.0,0.0,0.0,-0.2240000000000002,0.16799999999999993,0.0,-1.032,-1.57,0.0,0.0,0.4,0.0,0.0,-1.2,1.57,0.0,0.0
7530.0,0.0,0.0,0.0,-0.2110000000000003,0.16449999999999998,0.0,-1.0354999999999999,-1.57,0.0,0.0,0.4,0.0,0.0,-1.2,1.57,0.0,0.0
7540.0,0.0,0.0,0.0,-0.1980000000000004,0.16099999999999992,0.0,-1.0390000000000001,-1.57,0.0,0.0,0.4,0.0,0.0,-1.2,1.57,0.0,0.0
7550.0,0.0,0.0,0.0,-0.18500000000000005,0.15749999999999997,0.0,-1.0425,-1.57,0.0,0.0,0.4,0.0,0.0,-1.2,1.57,0.0,0.0
7560.0,0.0,0.0,0.0,-0.17200000000000015,0.15399999999999991,0.0,-1.046,-1.57,0.0,0.0,0.4,0.0,0.0,-1.2,1.57,0.0,0.0
7570.0,0.0,0.0,0.0,-0.15900000000000025,0.15049999999999997,0.0,-1.0495,-1.57,0.0,0.0,0.4,0.0,0.0,-1.2,1.57,0.0,0.0
7580.0,0.0,0.0,0.0,-0.14600000000000035,0.1469999999999999,0.0,-1.053,-1.57,0.0,0.0,0.4,0.0,0.0,-1.2,1.57,0.0,0.0
7590.0,0.0,0.0,0.0,-0.13300000000000045,0.14349999999999996,0.0,-1.0565,-1.57,0.0,0.0,0.4,0.0,0.0,-1.2,1.57,0.0,0.0
7600.0,0.0,0.0,0.0,-0.1200000000000001,0.14,0.0,-1.06,-1.57,0.0,0.0,0.4,0.0,0.0,-1.2,1.57,0.0,0.0
7610.0,0.0,0.0,0.0,-0.1070000000000002,0.13649999999999995,0.0,-1.0635,-1.57,0.0,0.0,0.4,0.0,0.0,-1.2,1.57,0.0,0.0
7620.0,0.0,0.0,0.0,-0.0940000000000003,0.133,0.0,-1.067,-1.57,0.0,0.0,0.4,0.0,0.0,-1.2,1.57,0.0,0.0
7630.0,0.0,0.0,0.0,-0.0810000000000004,0.12949999999999995,0.0,-1.0705,-1.57,0.0,0.0,0.4,0.0,0.0,-1.2,1.57,0.0,0.0
7640.0,0.0,0.0,0.0,-0.06800000000000006,0.126,0.0,-1.0739999999999998,-1.57,0.0,0.0,0.4,0.0,0.0,-1.2,1.57,0.0,0.0
7650.0,0.0,0.0,0.0,-0.05500000000000016,0.12249999999999994,0.0,-1.0775000000000001,-1.57,0.0,0.0,0.4,0.0,0.0,-1.2,1.57,0.0,0.0
7660.0,0.0,0.0,0.0,-0.04200000000000026,0.119,0.0,-1.081,-1.57,0.0,0.0,0.4,0.0,0.0,-1.2,1.57,0.0,0.0
7670.0,0.0,0.0,0.0,-0.02900000000000036,0.11549999999999994,0.0,-1.0845,-1.57,0.0,0.0,0.4,0.0,0.0,-1.2,1.57,0.0,0.0
7680.0,0.0,0.0,0.0,-0.01600000000000046,0.11199999999999999,0.0,-1.088,-1.57,0.0,0.0,0.4,0.0,0.0,-1.2,1.57,0.0,0.0
7690.0,0.0,0.0,0.0,-0.0030000000000001137,0.10849999999999993,0.0,-1.0915,-1.57,0.0,0.0,0.4,0.0,0.0,-1.2,1.57,0.0,0.0
7700.0,0.0,0.0,0.0,0.009999999999999787,0.10499999999999998,0.0,-1.095,-1.57,0.0,0.0,0.4,0.0,0.0,-1.2,1.57,0.0,0.0
7710.0,0.0,0.0,0.0,0.022999999999999687,0.10149999999999992,0.0,-1.0985,-1.57,0.0,0.0,0.4,0.0,0.0,-1.2,1.57,0.0,0.0
7720.0,0.0,0.0,0.0,0.03599999999999959,0.09799999999999998,0.0,-1.1019999999999999,-1.57,0.0,0.0,0.4,0.0,0.0,-1.2,1.57,0.0,0.0
7730.0,0.0,0.0,0.0,0.04899999999999993,0.09449999999999992,0.0,-1.1055000000000001,-1.57,0.0,0.0,0.4,0.0,0.0,-1.2,1.57,0.0,0.0
7740.0,0.0,0.0,0.0,0.06199999999999983,0.09099999999999997,0.0,-1.109,-1.57,0.0,0.0,0.4,0.0,0.0,-1.2,1.57,0.0,0.0
7750.0,0.0,0.0,0.0,0.07499999999999973,0.08749999999999991,0.0,-1.1125,-1.57,0.0,0.0,0.4,0.0,0.0,-1.2,1.57,0.0,0.0
7760.0,0.0,0.0,0.0,0.08799999999999963,0.08399999999999996,0.0,-1.116,-1.57,0.0,0.0,0.4,0.0,0.0,-1.2,1.57,0.0,0.0
7770.0,0.0,0.0,0.0,0.10099999999999953,0.08050000000000002,0.0,-1.1195,-1.57,0.0,0.0,0.4,0.0,0.0,-1.2,1.57,0.0,0.0
7780.0,0.0,0.0,0.0,0.11399999999999988,0.07699999999999996,0.0,-1.123,-1.57,0.0,0.0,0.4,0.0,0.0,-1.2,1.57,0.0,0.0
7790.0,0.0,0.0,0.0,0.12699999999999978,0.07350000000000001,0.0,-1.1265,-1.57,0.0,0.0,0.4,0.0,0.0,-1.2,1.57,0.0,0.0
7800.0,0.0,0.0,0.0,0.13999999999999968,0.06999999999999995,0.0,-1.13,-1.57,0.0,0.0,0.4,0.0,0.0,-1.2,1.57,0.0,0.0
7810.0,0.0,0.0,0.0,0.15299999999999958,0.0665,0.0,-1.1335,-1.57,0.0,0.0,0.4,0.0,0.0,-1.2,1.57,0.0,0.0
7820.0,0.0,0.0,0.0,0.16599999999999993,0.06299999999999994,0.0,-1.137,-1.57,0.0,0.0,0.4,0.0,0.0,-1.2,1.57,0.0,0.0
7830.0,0.0,0.0,0.0,0.17899999999999983,0.0595,0.0,-1.1404999999999998,-1.57,0.0,0.0,0.4,0.0,0.0,-1.2,1.57,0.0,0.0
7840.0,0.0,0.0,0.0,0.19199999999999973,0.05599999999999994,0.0,-1.1440000000000001,-1.57,0.0,0.0,0.4,0.0,0.0,-1.2,1.57,0.0,0.0
7850.0,0.0,0.0,0.0,0.20499999999999963,0.05249999999999999,0.0,-1.1475,-1.57,0.0,0.0,0.4,0.0,0.0,-1.2,1.57,0.0,0.0
7860.0,0.0,0.0,0.0,0.21799999999999953,0.04899999999999993,0.0,-1.151,-1.57,0.0,0.0,0.4,0.0,0.0,-1.2,1.57,0.0,0.0
7870.0,0.0,0.0,0.0,0.23099999999999987,0.045499999999999985,0.0,-1.1545,-1.57,0.0,0.0,0.4,0.0,0.0,-1.2,1.57,0.0,0.0
7880.0,0.0,0.0,0.0,0.24399999999999977,0.041999999999999926,0.0,-1.158,-1.57,0.0,0.0,0.4,0.0,0.0,-1.2,1.57,0.0,0.0
7890.0,0.0,0.0,0.0,0.2569999999999997,0.03849999999999998,0.0,-1.1615,-1.57,0.0,0.0,0.4,0.0,0.0,-1.2,1.57,0.0,0.0
7900.0,0.0,0.0,0.0,0.2699999999999996,0.03499999999999992,0.0,-1.165,-1.57,0.0,0.0,0.4,0.0,0.0,-1.2,1.57,0.0,0.0
7910.0,0.0,0.0,0.0,0.2829999999999999,0.03149999999999997,0.0,-1.1684999999999999,-1.57,0.0,0.0,0.4,0.0,0.0,-1.2,1.57,0.0,0.0
7920.0,0.0,0.0,0.0,0.2959999999999998,0.027999999999999914,0.0,-1.1720000000000002,-1.57,0.0,0.0,0.4,0.0,0.0,-1.2,1.57,0.0,0.0
7930.0,0.0,0.0,0.0,0.3089999999999997,0.024499999999999966,0.0,-1.1755,-1.57,0.0,0.0,0.4,0.0,0.0,-1.2,1.57,0.0,0.0
7940.0,0.0,0.0,0.0,0.3219999999999996,0.020999999999999908,0.0,-1.179,-1.57,0.0,0.0,0.4,0.0,0.0,-1.2,1.57,0.0,0.0
7950.0,0.0,0.0,0.0,0.3349999999999995,0.01749999999999996,0.0,-1.1825,-1.57,0.0,0.0,0.4,0.0,0.0,-1.2,1.57,0.0,0.0
7960.0,0.0,0.0,0.0,0.34799999999999986,0.014000000000000012,0.0,-1.186,-1.57,0.0,0.0,0.4,0.0,0.0,-1.2,1.57,0.0,0.0
7970.0,0.0,0.0,0.0,0.36099999999999977,0.010499999999999954,0.0,-1.1895,-1.57,0.0,0.0,0.4,0.0,0.0,-1.2,1.57,0.0,0.0
7980.0,0.0,0.0,0.0,0.37399999999999967,0.007000000000000006,0.0,-1.193,-1.57,0.0,0.0,0.4,0.0,0.0,-1.2,1.57,0.0,0.0
7990.0,0.0,0.0,0.0,0.38699999999999957,0.0034999999999999476,0.0,-1.1965,-1.57,0.0,0.0,0.4,0.0,0.0,-1.2,1.57,0.0,0.0
8000.0,0.0,0.0,0.0,0.4,0.0,0.0,-1.2,-1.57,0.0,0.0,0.4,0.0,0.0,-1.2,1.57,0.0,0.0
